stream.1,stream.2,stream.3,stream.4,stream.5,bandwidth_available_OTT,channel_broadcasted
1.263,1.557,6.965,0.101,4.171,5.985,4
1.047,3.036,8.645,1.682,1.181,6.655,2
2.035,2.136,4.624,1.415,9.118,5.395,1
1.647,2.424,2.019,1.99,1.469,6.417,5
3.392,0.787,2.75,0.567,15.717,2.698,1
3.985,2.551,7.823,2.675,11.637,6.957,4
2.076,3.357,2.782,1.578,11.044,1.445,2
1.226,1.586,8.507,2.042,0.267,1.276,1
0.775,3.359,4.552,0.276,0.788,4.952,1
2.977,3.27,1.468,2.815,4.727,4.799,1
3.33,3.008,8.342,0.378,10.351,6.622,4
1.242,6.665,4.65,2.626,9.921,3.138,4
2.992,1.461,3.73,2.259,17.007,1.815,5
0.641,5.147,5.362,1.579,7.437,3.031,4
0.079,5.817,7.009,1.342,18.105,2.628,4
0.931,2.785,8.947,0.828,6.283,4.406,2
3.128,1.866,2.543,2.626,17.477,7.471,2
3.597,4.433,2.512,1.193,2.78,4.533,2
3.537,3.153,0.88,2.313,12.694,6.395,5
3.946,5.061,3.937,0.328,16.771,7.253,5
1.882,5.65,0.407,2.679,15.696,3.812,5
3.826,2.463,8.319,1.321,13.057,0.742,1
0.198,5.177,8.198,0.548,6.728,3.607,4
3.187,0.353,0.524,1.369,12.264,0.445,2
3.782,4.938,2.623,0.723,11.122,4.325,2
2.119,5.917,5.632,0.259,6.001,6.053,3
1.253,5.252,4.326,1.7,18.206,3.591,2
0.79,3.351,1.451,0.162,8.094,6.754,1
0.333,6.77,5.174,0.221,15.158,0.589,5
1.541,4.88,5.545,0.925,2.304,3.472,3
3.856,2.81,8.614,2.531,17.421,1.987,1
3.531,5.51,6.643,2.115,0.864,3.278,3
0.109,4.39,1.547,1.041,13.961,7.269,2
2.238,5.388,5.008,1.938,4.396,6.412,3
0.489,5.177,9.297,1.477,3.092,5.335,5
2.755,6.145,4.794,1.809,18.163,2.855,1
0.337,6.381,4.038,2.195,3.703,1.261,1
3.472,6.766,8.094,1.691,17.77,7.002,5
4.062,6.024,3.944,0.047,9.667,4.055,5
2.138,0.683,3.06,0.081,12.027,0.787,3
1.687,5.694,3.453,2.132,14.557,5.553,5
0.013,4.959,3.357,1.015,7.979,1.265,3
3.509,5.379,9.343,2.445,9.473,2.751,1
0.937,0.269,7.123,0.56,10.002,2.298,2
1.991,6.702,9.313,0.518,12.846,5.558,1
1.459,0.196,2.662,0.385,17.044,7.053,3
0.003,5.594,6.174,0.597,11.047,7.265,1
1.282,2.414,1.891,2.046,6.495,7.858,1
2.232,3.095,2.976,0.621,7.423,2.44,4
3.314,2.732,7.563,1.046,9.766,3.764,1
0.608,1.389,4.193,1.813,2.473,4.341,4
0.16,2.486,0.052,2.217,5.064,7.063,3
1.971,2.129,9.505,1.613,10.019,0.265,2
3.767,3.313,6.713,1.841,16.308,2.372,2
1.032,2.255,5.317,0.192,0.442,6.64,3
3.794,0.217,4.727,1.531,11.015,2.564,4
2.98,6.44,9.043,2.13,3.853,6.647,4
3.666,3.638,6.761,1.092,16.737,0.938,5
2.124,2.762,9.431,1.853,0.898,2.404,5
3.424,4.953,6.226,0.617,11.925,7.098,3
2.653,5.865,3.334,0.796,8.179,7.476,5
3.237,6.255,6.136,2.653,11.268,1.09,1
1.247,6.698,8.716,2.256,8.025,2.489,1
0.923,6.139,0.169,2.385,0.492,7.927,2
3.14,5.615,1.509,0.18,15.407,6.187,2
2.552,2.892,9.138,0.498,5.679,7.087,1
0.586,0.101,3.883,2.007,7.34,2.346,5
0.941,5.224,7.951,2.375,0.668,5.668,1
1.309,1.926,2.085,2.828,1.43,1.539,1
0.278,1.211,4.395,1.364,1.427,7.619,2
1.999,1.025,2.325,2.343,5.311,4.728,5
1.272,2.246,8.327,2.719,0.829,3.343,4
2.746,3.314,1.101,0.831,9.63,6.134,4
1.523,5.106,7.25,0.494,1.551,2.302,4
1.519,0.061,7.555,1.624,13.561,4.863,2
2.389,4.264,5.772,0.391,15.034,0.161,4
3.765,4.45,5.432,1.534,10.185,2.552,1
1.998,1.882,7.563,2.088,14.902,5.408,2
3.834,1.165,0.072,1.275,11.837,1.198,2
3.001,1.894,0.565,1.055,0.278,0.874,1
0.513,4.675,6.093,2.84,1.918,5.394,5
2.439,1.4,4.482,2.039,12.348,1.183,1
0.589,4.436,3.141,1.74,17.812,1.221,3
2.589,1.587,5.281,1.094,3.864,0.928,3
2.782,5.223,1.097,2.391,0.249,7.631,5
0.546,5.937,6.699,1.792,5.478,6.753,2
3.251,1.232,3.301,2.529,17.608,7.699,3
3.357,3.795,2.185,2.67,11.497,7.678,5
2.562,2.707,2.489,2.651,6.791,5.148,5
1.658,1.091,9.098,1.935,8.688,6.643,5
1.898,4.858,6.923,2.037,9.501,6.58,3
1.495,3.831,5.712,1.115,12.654,0.042,4
2.64,4.113,5.382,0.154,9.513,4.492,2
1.934,6.342,0.14,1.97,11.099,0.577,4
3.554,2.34,8.778,0.888,13.771,5.93,2
3.23,1.398,3.542,2.737,3.421,2.778,3
0.995,1.145,0.025,1.429,17.897,6.683,2
2.646,6.069,5.074,2.022,2.45,3.582,5
1.109,3.608,7.755,0.165,16.607,5.932,2
2.286,0.315,0.207,1.776,11.047,6.73,4
2.093,2.857,1.046,1.805,12.993,4.432,5
3.556,2.959,3.248,1.099,13.104,3.474,1
1.852,3.38,8.038,1.16,13.125,5.673,2
3.185,6.039,3.817,0.81,3.26,1.8,5
0.574,0.53,2.142,1.229,8.743,4.572,5
1.956,4.94,6.764,1.359,15.089,2.822,5
1.488,2.055,8.452,2.822,12.429,3.67,4
1.359,6.752,2.29,0.825,13.112,0.378,2
2.67,1.988,0.554,0.529,13.076,0.602,3
2.893,4.796,4.093,2.774,1.458,3.202,4
1.915,4.065,6.265,2.453,5.318,1.772,3
2.628,2.514,0.529,1.855,6.036,6.159,5
2.111,6.706,6.513,1.502,15.038,0.309,1
1.675,0.553,8.938,1.774,0.486,5.868,2
2.351,2.387,5.066,2.831,15.394,6.745,4
0.516,2.901,7.231,1.867,8.63,1.753,1
1.081,1.63,4.21,1.647,16.887,4.742,2
2.164,1.907,0.208,2.163,0.738,6.914,4
0.241,1.605,4.065,2.187,0.367,2.673,4
1.264,5.492,6.653,2.659,12.047,4.601,3
3.954,4.545,6.682,1.211,2.913,4.844,2
3.263,4.258,9.424,2.224,0.941,0.789,4
0.449,0.038,4.975,1.476,10.158,7.386,4
0.494,4.349,7.084,0.647,7.375,5.35,5
4.042,3.463,7.077,0.892,2.318,2.097,4
3.666,5.176,3.284,2.804,12.431,0.181,4
2.888,2.486,3.041,0.898,15.288,5.298,5
3.195,4.902,6.634,1.504,7.364,2.181,4
3.394,6.594,1.295,0.045,11.863,3.216,1
1.107,2.93,6.065,1.043,8.544,1.064,1
1.708,1.272,3.159,0.851,12.336,6.466,3
0.602,3.253,8.123,2.829,12.677,6.692,4
1.706,3.135,0.856,2.64,10.239,3.54,5
1.962,2.117,8.554,2.017,2.433,7.101,1
1.808,2.776,9.254,1.916,13.632,4.712,4
1.253,5.82,2.184,0.336,7.234,6.568,4
2.487,2.662,0.401,0.321,10.978,4.396,4
4.036,4.031,4.637,1.592,3.366,0.143,2
2.462,3.809,6.606,2.641,2.965,4.449,1
3.32,3.092,4.244,2.692,16.93,1.669,5
2.033,6.111,7.921,0.297,15.602,5.595,2
1.631,0.519,4.905,1.047,13.931,0.543,1
0.153,2.897,4.774,2.06,6.362,2.579,5
0.46,1.481,3.737,1.27,2.452,6.361,2
2.857,3.104,1.505,0.094,14.766,7.841,4
3.485,1.179,3.486,2.664,5.103,4.084,3
1.303,3.691,4.627,1.529,14.919,6.48,4
3.24,1.399,7.71,2.11,1.254,2.221,1
0.669,4.839,9.278,0.874,12.763,0.398,3
1.823,1.66,8.728,2.089,0.926,4.8,1
3.428,6.483,7.518,0.161,12.902,1.585,4
1.297,5.739,3.655,0.851,5.296,0.528,1
1.922,5.981,5.364,0.127,7.383,3.082,5
1.617,1.705,2.07,1.713,17.955,0.375,3
3.362,0.433,4.36,0.005,8.822,2.253,3
0.442,3.754,8.444,0.15,7.936,1.882,2
3.594,0.411,6.844,0.356,12.933,2.287,4
3.18,5.685,9.544,1.063,11.578,4.505,1
3.846,6.761,6.16,0.03,16.222,2.805,2
1.068,4.014,5.232,0.562,0.152,2.145,5
1.937,3.446,1.499,0.135,14.858,7.703,1
2.107,2.318,8.348,2.718,12.92,1.157,5
0.72,2.778,5.292,1.97,14.449,6.511,5
3.936,1.776,6.398,0.689,4.95,4.583,3
3.926,2.175,3.816,0.919,9.692,2.457,4
2.781,0.354,6.734,0.649,8.115,5.934,1
3.348,1.559,3.599,2.768,14.167,0.241,1
3.12,5.054,5.805,0.852,11.148,3.383,1
0.519,2.678,4.144,2.739,9.4,0.171,1
3.119,0.429,2.833,1.246,13.063,3.544,4
2.824,4.894,5.227,1.233,0.148,2.513,4
1.339,0.658,8.535,2.543,16.851,4.883,5
2.387,5.393,7.616,0.814,10.032,4.292,4
2.844,4.293,1.904,1.746,9.86,1.647,3
0.853,4.082,0.069,1.981,3.479,0.125,3
4.021,0.153,6.597,0.659,9.648,7.004,1
2.626,6.17,6.609,1.178,6.16,1.605,5
0.734,5.935,0.058,1.415,3.867,1.041,5
3.067,4.289,5.268,1.614,5.875,0.402,5
0.397,0.849,2.313,2.226,5.031,7.515,3
0.236,4.936,3.41,0.231,9.3,7.857,4
0.143,2.001,7.114,1.455,6.672,5.965,3
0.368,2.683,4.064,1.83,9.899,2.64,2
0.482,1.117,6.719,1.691,12.594,5.288,4
2.497,4.684,0.546,0.016,7.205,6.498,4
0.352,4.33,5.026,2.561,2.681,2.602,2
2.442,3.122,0.293,1.511,18.117,4.205,5
2.867,3.005,3.803,0.947,6.639,3.91,5
1.703,1.908,7.124,0.606,14.769,3.281,3
2.927,0.84,1.609,0.416,12.564,4.76,5
3.239,2.69,7.14,1.298,11.417,2.114,2
1.581,5.021,7.34,2.763,5.118,0.441,2
0.771,2.47,8.677,2.492,9.484,1.408,1
2.322,5.778,6.472,0.421,12.121,4.872,4
3.847,2.617,2.383,1.984,10.594,2.874,5
2.793,2.545,1.618,0.85,12.662,5.737,3
1.569,1.544,2.843,1.081,13.44,3.87,1
0.581,6.596,4.091,2.121,16.9,0.806,5
1.426,4.759,2.044,1.524,10.44,3.882,5
0.805,4.018,8.844,1.564,7.054,3.207,1
2.661,3.6,1.02,1.321,10.714,0.338,1
0.976,3.741,1.238,2.288,11.783,5.747,2
4.02,6.186,3.079,2.383,8.033,0.534,5
1.894,2.935,1.845,2.509,3.798,1.385,2
3.1,2.722,7.657,1.837,1.398,1.94,2
3.316,3.52,3.098,2.216,13.912,0.25,1
1.487,2.335,0.762,1.028,8.427,1.828,3
0.844,3.883,7.768,0.365,13.33,2.964,3
2.849,2.469,1.477,2.211,13.116,6.094,5
1.924,4.282,5.295,2.743,11.746,2.01,5
3.231,1.63,4.07,2.693,10.724,0.656,3
0.056,0.778,3.042,0.062,15.667,5.874,4
0.288,1.914,1.243,2.525,11.989,3.194,5
1.499,1.898,6.317,2.719,17.906,2.451,3
1.734,3.711,2.657,1.865,4.48,0.654,3
3.066,0.305,0.779,1.059,8.389,0.415,5
0.371,5.91,7.817,2.543,0.474,7.021,3
0.823,6.246,6.547,2.367,15.002,7.788,4
1.091,5.734,3.622,0.428,17.799,6.653,4
0.633,0.747,8.327,2.885,14.987,7.711,4
3.422,0.734,0.781,0.576,11.434,7.861,3
2.502,4.911,8.121,0.491,5.927,3.121,4
2.028,5.063,2.271,1.189,11.688,2.915,2
2.554,4.646,9.54,1.749,11.572,3.27,2
3.581,4.511,3.844,2.267,9.705,6.18,3
1.27,6.535,6.64,1.44,3.431,3.218,4
3.519,1.456,0.568,2.271,16.744,7.989,2
3.337,0.545,4.609,2.054,9.984,4.501,3
1.33,2.806,1.835,2.26,4.77,4.662,1
3.498,4.663,3.742,1.112,11.653,2.863,3
3.847,5.784,3.938,0.255,3.878,2.51,3
0.577,3.579,6.655,1.379,9.276,1.266,2
2.136,5.867,4.628,2.169,7.006,2.287,4
0.544,4.074,4.864,0.3,13.051,3.292,5
3.743,4.745,8.263,0.969,12.876,1.85,2
2.071,0.503,1.248,1.517,14.535,5.029,2
2.553,2.644,2.88,2.501,14.842,2.241,4
1.041,0.68,6.827,1.626,0.259,5.231,3
3.854,1.851,2.879,0.795,17.748,0.698,4
0.818,1.662,0.368,0.61,11.931,5.212,3
1.329,5.848,9.217,1.696,4.766,6.688,1
2.547,4.79,6.947,0.638,2.198,6.479,1
3.078,0.895,1.225,2.009,17.551,0.844,2
3.051,2.807,2.213,0.455,16.436,1.64,4
1.864,0.936,6.584,0.521,7.865,0.374,2
1.218,4.394,3.122,1.482,10.892,3.055,4
2.17,6.054,8.306,1.063,7.652,3.257,3
0.726,3.56,3.811,2.601,15.628,0.928,3
3.137,1.282,9.416,1.324,1.034,6.391,5
1.226,6.438,0.341,0.616,9.452,3.616,3
3.076,2.13,9.02,0.926,14.228,2.081,3
1.78,6.405,4.804,1.047,8.613,1.497,3
0.559,4.695,1.989,1.124,5.84,2.013,3
3.827,4.911,7.316,2.656,17.677,3.651,4
2.459,4.571,6.461,1.648,14.038,7.351,2
1.237,3.999,2.706,1.679,14.81,2.082,2
0.865,2.297,1.053,1.015,3.986,0.803,2
0.755,6.364,4.434,2.575,12.968,0.84,2
0.404,3.543,3.798,2.603,1.164,6.721,4
3.007,5.584,1.44,2.516,12.911,0.471,1
1.037,5.859,0.008,1.315,17.416,5.349,2
2.832,6.653,2.052,0.568,15.34,4.674,2
2.121,3.545,2.729,2.343,9.347,3.429,4
1.518,5.419,2.263,2.364,17.984,1.967,5
2.612,4.784,5.327,0.695,16.921,6.447,2
0.952,3.83,3.578,2.485,17.017,6.905,5
1.012,6.057,4.757,1.085,8.758,0.146,5
0.501,4.164,0.316,2.144,2.04,6.718,4
3.406,0.263,8.13,0.135,9.336,3.8,1
2.279,1.361,5.89,1.059,5.12,7.507,3
3.705,3.049,7.555,0.553,1.321,5.77,3
3.542,1.463,0.852,1.426,10.713,4.41,3
0.861,0.69,6.581,2.261,15.19,3.87,1
2.88,5.257,2.051,2.114,9.397,0.389,5
1.001,3.552,9.143,0.395,13.521,0.386,1
2.986,3.781,8.436,1.68,6.346,7.494,5
2.295,4.23,9.126,1.732,11.029,5.96,3
2.317,5.221,5.215,1.567,5.741,2.213,3
3.541,2.631,0.94,1.15,6.045,4.506,3
0.014,2.769,1.632,0.138,0.633,1.559,1
3.92,4.347,7.588,2.457,0.846,3.814,1
1.886,5.751,4.867,1.215,12.187,2.985,3
2.015,5.166,4.821,1.24,5.212,7.908,1
1.373,1.604,8.557,0.17,13.821,2.736,4
3.27,5.454,8.89,1.167,13.961,7.036,5
0.443,5.881,8.027,1.146,4.897,6.511,2
1.154,6.303,2.477,2.61,10.274,5.377,1
2.558,1.828,0.934,0.541,5.396,4.075,4
1.079,4.408,5.783,0.878,7.707,3.721,5
0.342,1.686,2.902,1.7,3.992,1.743,5
2.36,4.008,0.949,1.445,15.631,2.63,4
1.297,6.612,1.395,0.936,15.098,1.103,4
2.822,0.11,8.447,1.206,3.87,4.613,5
0.711,4.417,2.346,0.426,2.358,7.48,4
1.025,4.666,9.035,2.224,17.869,7.258,4
3.473,6.784,0.766,0.46,11.293,7.879,2
0.335,1.076,1.977,0.055,0.648,2.534,3
1.634,5.063,2.636,1.342,14.159,6.375,1
0.359,1.427,4.885,2.585,2.714,4.094,3
0.606,1.324,5.397,2.558,12.085,5.621,1
1.405,0.718,9.073,0.186,8.074,5.354,1
2.88,5.877,8.388,1.598,6.796,1.372,2
2.489,0.532,6.503,0.948,8.841,5.731,5
3.997,1.392,1.701,2.715,8.572,2.485,3
1.535,5.519,9.106,1.447,12.456,5.473,5
3.016,5.171,8.792,0.488,9.645,6.834,5
0.485,1.812,9.589,0.549,4.758,1.193,5
3.381,4.112,0.298,2.406,5.301,6.946,2
2.713,3.928,8.816,1.388,4.091,2.233,4
3.098,0.951,4.151,1.396,16.893,2.074,4
0.732,4.295,4.564,0.671,7.361,6.303,1
2.117,3.794,7.965,0.543,3.281,2.974,4
0.353,0.15,7.159,2.307,11.672,5.601,4
1.029,2.053,2.026,1.704,18.056,7.615,4
1.996,3.02,1.161,2.276,14.89,1.82,2
2.353,0.804,7.4,1.393,9.611,7.983,5
2.622,5.824,4.983,1.032,17.39,6.988,5
0.073,6.535,3.367,1.786,2.748,5.208,4
1.116,0.167,2.728,1.062,17.114,2.313,4
2.832,4.064,8.177,0.557,3.864,7.009,5
1.35,1.456,2.169,0.572,17.435,4.24,4
3.353,2.407,3.32,1.083,9.199,0.997,5
0.269,3.427,3.16,1.209,12.034,6.737,1
3.385,0.616,1.12,1.125,2.973,7.709,3
0.535,6.413,1.976,0.465,10.35,4.066,4
2.215,5.532,7.454,0.169,15.375,6.733,5
0.464,0.664,0.442,0.721,15.094,5.874,3
3.757,4.334,6.788,1.346,8.406,2.961,4
2.531,5.942,8.631,2.693,15.162,2.851,3
3.928,6.445,7.649,1.952,13.614,0.051,2
1.099,3.039,8.796,2.636,15.234,7.861,4
1.972,2.484,5.79,1.535,13.255,2.074,1
0,0.593,4.593,1.943,4.577,6.138,3
1.148,1.533,4.856,0.446,9.243,7.395,2
3.964,6.356,3.102,1.133,18.119,1.778,5
1.961,5.273,5.538,2.2,12.759,0.374,4
1.914,3.674,1.543,2.017,2.618,2.883,4
1.202,2.663,6.098,0.646,4.07,5.326,4
0.977,3.292,1.978,0.087,8.094,2.123,5
3.844,6.628,7.821,0.201,8.783,4.451,5
2.743,6.004,9.141,1.441,13.052,3.446,3
3.911,6.289,6.793,0.076,2.522,1.065,5
0.374,5.035,3.109,1.831,1.793,6.581,5
3.954,4.164,4.762,0.379,10.804,5.637,2
3.705,3.795,1.996,0.54,6.761,1.389,5
1.735,1.167,7.235,2.309,8.725,6.285,2
2.534,5.983,2.111,0.597,7.396,6.018,3
1.367,4.26,1.68,2,2.933,3.774,2
3.485,2.173,4.222,0.135,17.058,4.851,3
0.393,3.423,0.482,2.06,12.98,0.925,3
2.768,2.761,5.792,1.867,11.506,4.989,2
3.515,5.608,0.652,2.459,0.869,0.823,5
1.757,4.67,0.394,1.573,16.727,5.9,1
2.61,0.958,1.004,0.234,8.483,2.052,2
3.444,6.101,6.211,0.18,13.839,5.172,1
3.605,5.94,0.939,1.11,17.744,0.618,1
2.478,4.064,0.055,1.224,6.377,3.922,1
3.733,0.634,5.84,2.693,0.409,2.982,5
3.897,3.337,2.398,1.593,4.16,4.301,2
3.641,2.038,5.573,2.573,4.043,2.705,1
1.021,5.938,7.626,2.193,14.234,2.203,5
2.346,5.291,5.601,1.067,17.461,6.633,3
0.441,5.9,2.085,0.11,17.421,2.593,4
0.467,5.315,6.022,1.325,17.502,5.472,5
2.851,0.962,4.908,2.741,4.544,6.124,1
1.771,4.728,2.542,2.59,7.502,3.435,2
0.912,2.339,8.343,1.781,5.585,3.814,2
1.09,1.231,6.625,0.902,8.555,3.032,1
3.453,1.523,8.454,0.93,12.682,2.275,2
2.611,6.148,2.152,0.065,7.87,5.44,3
3.298,3.624,7.105,0.143,10.749,1.108,4
3.549,5.007,7.132,0.438,9,2.663,3
4.04,2.1,7.924,2.447,15.357,1.258,1
1.097,4.045,1.511,0.514,12.264,1.604,2
4.013,6.54,7.61,1.442,1.434,2.804,4
1.101,1.327,6.182,2.718,7.186,2.217,1
0.06,1.102,6.105,2.868,0.059,5.078,1
0.101,6.541,1.079,1.325,14.415,5.621,2
0.544,1.984,7.82,1.306,2.333,4.667,2
1.645,2.544,1.551,0.37,17.722,4.409,4
2.629,5.527,7.508,0.541,2.191,5.411,2
3.077,2.852,0.661,1.606,12.654,3.453,2
2.642,2.585,8.167,2.601,11.874,1.425,2
3.606,2.251,6.166,0.4,11.781,1.845,3
0,1.327,8.51,2.356,3.433,4.926,4
0.392,3.202,7.507,0.531,16.252,2.58,1
3.642,4.925,4.158,1.713,17.494,0.966,3
3.634,4.254,4.411,0.656,9.75,2.91,2
2.344,1.42,8.599,0.803,11.156,5.725,2
0.786,5.637,2.476,1.32,3.137,4.446,1
3.067,6.708,4.943,0.455,7.694,3.466,1
3.436,2.825,6.312,1.01,7.104,5.886,2
3.576,2.583,3.887,0.67,2.031,7.486,4
3.512,0.892,4.277,0.484,12.818,4.997,1
1.49,4.566,3.49,0.383,16.021,1.507,3
0.836,4.21,7.72,1.249,0.072,0.229,5
0.344,4.715,6.219,1.176,9.597,4.414,5
1.467,5.133,9.196,0.11,17.517,7.105,2
2.484,0.219,2.883,2.224,7.047,4.45,2
3.536,5.174,1.056,2.714,15.152,5.53,3
1.328,6.793,0.1,2.437,15.107,4.267,2
3.48,3.326,4.001,1.511,8.904,7.646,2
3.471,6.582,6.421,2.239,4.615,3.532,4
2.655,1.069,9.178,0.971,16.929,5.598,3
2.066,1.287,4.332,2.055,13.214,6.698,1
2.235,3.163,6,0.699,14.468,2.925,4
3.732,1.373,1.748,2.344,4.838,6.584,4
2.769,2.399,4.239,1.545,12.768,3.202,4
3.3,3.602,9.106,0.162,14.307,7.145,1
2.33,2.007,0.389,1.745,1.928,4.686,2
0.724,6.136,7.224,1.574,14.812,5.332,1
2.395,2.012,5.368,0.058,8.618,1.03,3
3.98,3.385,2.585,1.647,9.232,5.262,4
1.603,3.753,4.954,0.002,13.287,6.734,5
1.984,2.666,8.19,2.423,12.666,6.271,3
2.15,3.722,7.335,0.172,0.505,4.482,5
0.234,4.507,9.399,1.695,13.506,4.342,1
1.782,4.694,2.007,0.571,15.794,7.573,2
3.471,5.583,5.101,0.268,14.291,3.662,3
0.887,5.547,8.624,0.478,12.965,0.029,1
0.033,5.15,2.536,0.945,11.67,5.79,5
1.158,6.459,1.658,0.71,13.916,0.44,1
2.603,2.947,6.842,1.846,17.724,4.404,3
1.754,0.306,2.029,2.803,18.185,6.377,5
3.493,0.124,0.937,1.404,7.376,7.753,5
1.298,5.196,9.567,1.164,4.061,0.972,1
0.379,5.869,2.69,0.847,11.25,1.668,5
0.215,0.468,2.874,1.079,10.265,2.995,3
3.09,1.554,7.087,1.401,15.055,3.532,4
0.939,5.696,8.548,1.942,5.104,5.559,2
2.546,4.193,4.33,2.853,6.001,5.216,4
2.728,0.079,2.785,0.757,10.23,5.965,4
1.844,3.703,2.021,0.538,17.131,4.971,5
2.922,2.546,2.327,2.8,4.503,1.848,4
2.677,1.825,2.454,2.776,15.806,1.925,5
3.556,2.938,5.002,0.866,14.643,0.934,2
3.927,4.779,1.853,2.754,2.565,1.2,4
2.184,4.375,7.765,1.536,14.416,7.929,1
1.651,0.973,0.545,0.076,2.555,3.828,1
3.177,6.166,4.654,1.998,6.419,0.492,1
3.337,3.987,2.703,0.659,1.837,4.245,4
3.566,6.118,3.992,1.981,12.173,5.633,5
4.026,3.96,8.458,0.241,7.6,1.049,5
0.781,6.582,4.173,1.285,9.721,2.027,3
3.659,6.027,3.89,0.418,0.196,7.561,3
3.555,4.97,0.174,1.757,3.423,3.911,4
2.625,1.052,7.52,1.327,10.105,7.808,5
3.244,2.991,2.317,2.216,17.801,0.1,5
3.379,0.546,4.651,0.369,13.496,5.452,5
0.81,3.613,4.041,2.735,14.379,3.431,1
1.629,4.306,2.01,2.517,3.12,2.955,5
3.332,4.358,7.824,2.305,15.801,0.428,1
0.802,3.276,8.084,1.14,10.46,5.981,3
3.862,1.288,5.958,1.266,14.576,4.438,1
0.477,1.744,8.602,2.406,10.734,4.724,1
0.993,4.222,5.494,1.001,10.535,3.303,4
2.865,3.56,6.287,0.64,5.878,2.262,5
4.082,0.225,0.001,0.6,12.891,7.149,3
1.608,0.495,3.366,1.332,9.025,2.492,3
2.165,5.346,7.34,2.209,11.141,1.384,5
1.763,4.756,5.816,0.673,14.163,0.747,1
1.875,4.936,5.667,2.218,12.216,5.487,4
0.861,6.498,4.738,2.835,17.54,5.193,1
2.388,3.857,2.099,1.847,3.902,6.621,4
0.444,2.686,3.478,2.126,2.758,6.416,3
1.76,5.037,3.565,0.803,17.118,7.224,2
0.257,4.751,3.79,1.762,12.03,2.232,5
3.274,3.49,0.969,2.234,8.554,2.399,2
1.647,1.191,8.666,1.297,16.466,1.108,2
0.191,0.5,7.561,0.233,2.106,4.226,4
3.051,5.902,1.386,1.29,9.436,0.871,2
3.385,4.78,6.694,0.878,14.055,6.86,4
2.574,3.701,9.08,2.663,4.813,3.368,4
2.469,6.472,9.094,2.514,4.769,2.44,1
2.747,1.651,1.645,2.489,7.39,4.324,5
3.967,5.458,6.567,1.425,8.6,4.682,3
0.92,0.636,2.341,0.642,11.267,4.163,1
1.692,0.41,8.591,0.621,4.497,2.832,4
3.77,5.739,8.755,1.338,13.482,4.602,4
3.981,5.782,0.267,1.046,8.205,5.717,5
0.303,5.864,2.202,0.551,12.385,0.073,1
2.18,0.58,2.107,0.216,16.453,1.994,5
1.956,3.927,4.3,2.898,0.679,5.434,4
1.588,6.453,5.001,2.025,1.796,0.923,5
2.783,2.092,3.339,2.656,3.618,6.868,1
0.99,4.552,8.016,2.799,6.387,5.813,5
1.047,3.841,7.76,2.885,17.313,1.385,4
1.895,5.8,7.058,0.268,9.298,1.93,1
2.437,2.02,6.708,0.34,17.867,6.7,4
2.649,2.848,6.047,1.027,4.547,5.433,1
3.885,3.883,3.408,2.635,12.094,5.49,3
1.359,1.421,2.293,2.363,12.631,0.809,5
3.486,0.701,9.266,2.541,8.572,5.072,1
2.379,5.831,2.685,2.13,11.813,7.168,1
0.533,5.761,7.708,0.989,0.649,1.912,3
3.381,4.926,7.399,1.283,17.117,3.815,4
0.165,4.572,7.308,0.644,10.467,1.057,4
3.566,5.699,8.88,2.357,11.318,3.228,2
2.869,3.931,9.143,0.815,12.67,6.977,1
2.403,5.509,6.637,1.012,15.88,3.044,3
3.334,0.963,8.519,1.211,3.708,5.917,2
1.928,3.713,5.475,1.181,3.832,4.179,3
0.251,1.744,2.805,0.04,3.674,0.065,5
0.942,4.516,4.088,1.465,6.036,5.354,4
2.774,6.297,6.273,2.438,16.87,2.632,3
3.961,2.202,0.834,0.167,16.437,2.437,4
1.41,3.955,2.167,1.18,2.311,6.025,2
1.943,5.65,8.846,1.386,17.016,4.771,2
1.969,3.181,5.212,2.029,9.246,6.662,5
0.141,4.406,0.724,2.59,5.886,6.397,1
1.191,6.288,4.195,2.754,9.208,1.397,5
0.73,4.086,4.732,2.089,16.068,6.803,4
3.334,5.306,5.001,1.336,14.885,1.441,1
1.699,0.794,4.028,2.398,6.748,6.125,1
1.634,3.65,6.29,0.787,14.274,1.804,4
2.712,4.549,6.731,2.323,12.444,4.526,5
3.153,0.781,1.348,1.535,2.845,0.458,2
3.018,0.993,7.169,1.896,5.45,0.35,5
3.515,2.091,5.453,2.641,12.843,1.724,3
1.373,2.858,0.272,0.813,9.217,5.409,1
2.399,3.836,6.105,2.551,4.771,7.745,2
1.663,2.092,9.45,1.01,11.032,1.435,4
1.965,6.32,9.424,1.032,14.272,7.96,4
3.089,5.032,5.589,0.079,9.638,5.466,5
0.778,2.675,1.554,1.366,17.712,7.686,4
4.037,2.914,3.144,1.489,16.537,2.356,5
0.593,6.474,2.655,0.91,14.174,4.849,1
1.596,1.732,3.909,2.279,10.818,7.689,2
1.433,0.893,5.609,1.361,5.148,3.978,2
4.031,0.266,2.382,2.645,10.826,0.31,2
1.045,2.114,2.136,0.009,2.608,5.626,2
3.853,0.088,4.592,1.861,3.124,0.319,4
3.761,3.257,5.119,1.273,10.633,1.007,5
1.61,2.168,5.597,2.837,16.632,2.618,5
2.068,1.529,0.267,2.619,5.585,3.53,3
1.09,0.692,4.745,2.489,7.186,2.316,2
2.479,0.036,4.772,2.786,16.571,6.529,2
3.322,5.863,1.054,1.283,10.854,3.541,2
3.789,5.653,1.739,1.723,13.059,7.613,3
1.161,5.385,7.037,1.69,0.285,0.442,4
0.652,4.815,8.086,1.349,10.502,5.885,1
1.12,4.641,3.319,2.683,12.101,6.794,4
2.841,5.133,3.796,0.223,3.924,3.967,1
1.544,4.183,5.296,2.69,8.285,7.775,5
0.744,6.124,1.987,1.747,17.39,1.696,4
1.195,2.614,8.261,1.344,1.735,5.526,5
3.444,4.342,2.639,2.81,9.521,3.146,2
0.939,2.05,0.75,2.891,8.114,0.505,3
0.577,0.184,7.091,1.818,1.828,2.934,4
3.149,2.206,4.315,0.009,0.965,7.261,3
3.319,5.131,6.725,1.536,0.652,7.246,3
1.747,0.473,3.864,0.028,10.803,5.998,1
2.851,4.966,5.762,2.876,7.443,0.902,1
3.515,3.798,7.957,0.09,3.185,7.483,2
1.169,3.413,2.384,2.599,9.929,6.554,5
0.998,4.124,1.351,1.865,6.34,3.689,4
0.676,6.243,8.983,0.18,17.373,0.92,3
1.111,5.05,8.681,1.484,11.477,4.466,4
0.031,0.59,3.527,1.856,8.753,6.945,2
1.194,4.355,3.971,0.972,13.19,6.615,3
1.039,0.285,3.312,0.343,12.192,1.768,3
2.667,5.828,9.306,2.762,10.25,3.679,4
3.003,2.288,5.224,2.858,16.414,5.642,2
1.126,2.744,5.468,2.18,5.094,5.554,4
2.411,1.743,0.886,2.494,14.385,4.309,3
1.322,4.041,7.279,0.884,11.198,4.846,1
3.825,6.322,0.147,1.862,14.146,4.722,4
0.35,0.547,3.988,2.805,17.548,3.182,4
2.629,1.892,4.449,1.78,1.96,0.099,2
0.66,6.297,6.321,1.993,13.715,1.047,4
3.78,5.48,4.775,2.901,7.053,7.824,1
1.774,1.313,8.63,2.235,11.785,7.548,2
2.779,3.849,5.539,0.388,12.113,5.935,3
1.525,0.277,0.84,0.309,13.435,2.488,1
2.961,2.057,8.606,2.555,17.319,5.134,5
0.608,6.399,8.284,2.716,17.638,2.023,5
3.416,3.237,4.328,1.456,8.745,7.381,2
2.35,5.034,9.266,0.624,2.345,4.505,2
1.472,5.626,0.954,1.166,5.402,5.927,1
1.396,2.321,0.584,0.124,9.241,1.957,1
0.537,5.413,0.284,0.198,2.599,2.853,5
0.677,2.028,6.621,2.345,3.99,3.935,3
0.767,3.071,5.704,1.85,5.11,3.962,2
0.487,1.898,3.517,2.429,8.83,1.923,2
2.984,0.913,0.59,1.672,0.82,5.638,3
0.157,5.621,6.228,1.441,0.306,7.495,2
1.057,3.833,0.58,0.84,8.641,7.285,1
1.892,0.353,1.867,2.129,7.201,5.262,4
1.548,6.366,4.562,0.561,0.641,5.421,1
3.536,1.024,4.298,2.823,10.874,2.807,3
0.346,3.687,7.627,0.15,14.002,0.889,1
1.942,4.086,2.029,2.119,7.699,5.88,4
3.192,5.562,7.769,0.359,10.557,4.648,1
0.489,4.031,4.158,2.648,7.687,4.745,2
0.482,6.016,5.713,0.268,7.955,0.272,1
2.378,4.927,1.653,2.712,16.313,4.55,4
2.299,6.022,0.488,1.206,10.357,3.128,2
1.051,4.665,1.725,1.595,18.008,1.373,1
0.796,3.701,0.202,0.419,15.091,6.227,3
0.465,1.995,3.39,2.821,12.405,2.567,3
3.348,0.226,7.829,2.675,0.645,4.779,5
2.303,6.577,7.62,2.16,2.166,4.002,5
1.586,0.334,4.57,0.94,12.587,6.652,5
1.671,4.639,4.194,2.726,11.117,4.173,2
2.002,4.397,8.076,0.412,7.162,4.91,2
0.573,1.693,1.69,2.637,7.002,6.528,3
1.322,6.512,5.485,1.727,13.733,6.287,5
1.765,0.849,2.822,2.083,11.993,3.783,1
1.416,6.021,7.596,0.179,8.856,1.733,2
0.505,3.252,9.557,2.342,15.691,4.654,5
2.059,5.567,7.443,2.093,16.329,5.21,1
1.349,2.202,6.039,0.683,12.576,0.379,2
3.316,3.838,5.062,1.216,14.722,3.165,2
4.061,3.438,3.432,2.83,7.556,3.889,3
0.662,1.729,3.657,2.667,18.011,7.145,4
1.608,2.894,2.107,1.466,15.696,2.168,3
2.548,0.715,9.501,0.432,0.01,2.795,3
2.538,2.121,5.384,0.873,12.728,6.139,2
2.633,2.18,0.621,2.002,10.965,6.37,5
2.087,0.397,1.421,2.768,6.212,2.992,3
1.147,0.3,3.536,2.371,9.802,6.166,5
2.519,4.616,4.676,1.094,17.113,1.881,3
0.239,1.668,4.812,2.504,11.089,3.413,3
0.356,5.03,1.372,2.729,13.647,1.151,2
2.151,4.684,0.84,1.862,15.299,1.289,4
0.879,0.126,8.289,0.972,2.841,4.752,4
0.683,6.707,5.925,2.317,11.021,0.274,5
0.743,3.197,1.094,1.62,7.813,1.117,1
0.392,1.473,6.213,2.516,11.881,7.136,1
0.293,3.253,2.356,0.874,7.918,7.761,1
0.127,1.458,8.072,1.537,9.522,1.866,5
3.294,1.261,5.97,0.742,15.111,1.453,3
0.398,4.589,7.969,2.337,2.333,4.571,2
1.76,6.131,5.221,1.477,10.406,7.154,3
3.611,4.307,0.385,2.043,5.338,0.823,4
3.82,4.814,7.796,1.917,4.579,1.167,3
2.031,4.369,8.509,1.499,12.35,1.972,2
3.139,6.495,7.019,1.86,1.576,2.817,2
0.616,0.914,6.742,1.785,15.549,0.757,4
2.555,5.747,8.462,2.633,2.667,7.64,1
0.336,1.728,8.265,2.703,15.533,3.739,4
0.922,3.767,6.19,2.266,17.033,0.352,4
2.955,6.413,0.083,2.138,9.984,3.73,3
0.849,0.204,2.368,2.337,4.089,6.559,1
2.626,5.857,3.093,2.194,9.418,0.205,1
0.336,3.822,4.559,0.011,4.194,2.38,1
0.935,6.13,0.758,2.113,8.649,3.122,1
4.017,3.951,0.149,0.918,1.575,6.173,5
0.924,0.499,1.393,2.346,10.935,5.32,5
1.481,0.273,5.283,0.586,11.617,6.285,1
2.675,2.413,1.774,0.687,13.215,3.665,1
2.211,3.174,0.756,1.368,14.173,5.719,4
2.958,6.186,1.381,0.348,1.613,1.267,3
1.314,1.344,3.054,0.421,14.38,2.96,5
0.164,1.682,8.746,2.38,2.616,5.25,1
3.935,2.388,7.942,0.408,10.192,2.585,4
1.625,6.244,0.175,0.361,6.686,0.832,3
3.999,1.878,5.843,0.713,11.617,0.318,4
0.112,5.145,0.251,2.012,11.019,3.916,1
3.587,6.543,5.968,1.647,0.46,7.955,2
2.008,6.448,0.802,0.509,6.77,2.715,3
0.422,5.556,3.43,1.132,1.065,4.129,2
2.57,6.159,3.23,0.079,15.197,7.569,5
3.708,2.347,3.542,0.213,13.77,3.8,1
1.667,5.272,7.188,2.478,16.347,1.823,5
3.102,6.51,3.33,1.478,12.578,5.223,3
0.229,4.017,9.436,1.124,3.374,7.816,2
0.232,2.362,4.217,0.165,5.327,5.848,3
1.809,3.303,8.187,0.996,15.228,6.321,4
2.935,2.579,8.687,1.623,2.467,1.582,3
1.658,0.955,8.808,1.773,4.522,5.865,3
3.535,0.253,3.461,1.781,3.699,0.21,1
3.075,5.534,6.413,2.879,7.401,4.645,1
2.501,0.488,6.227,2.76,15.261,2.995,5
2.729,3.26,4.936,0.434,3.159,6.528,4
1.391,5.581,6.144,1.643,14.941,5.463,3
3.55,2.232,0.748,1.487,3.454,4.596,2
2.478,2.635,3.763,2.398,13.374,7.035,1
1.37,0.229,2.847,0.287,10.552,7.582,3
3.018,4.266,8.206,2.834,7.352,5.292,4
0.269,4.499,1.178,0.821,17.632,3.302,2
3.355,5.599,3.526,2.494,4.992,6.58,3
4.012,1.452,3.307,1.094,15.255,2.49,1
2.173,1.349,8.608,2.069,5.851,5.942,1
1.557,3.684,4.539,1.46,12.218,1.204,4
0.921,3.496,5.405,2.32,9.815,7.368,5
0.937,2.098,5.466,1.904,6.286,5.238,1
1.289,4.088,6.344,2.136,2.487,0.421,5
1.566,1.298,8.45,0.512,8.387,3.818,5
2.432,3.957,0.354,1.7,0.219,2.066,5
3.682,5.962,5.031,1.506,15.7,2.865,5
2.484,6.561,4.352,2.076,15.967,2.948,1
3.578,1.771,7.73,2,0.114,2.472,1
2.101,3.101,6.511,2.597,15.897,5.353,4
3.536,5.567,5.846,1.874,11.522,6.883,2
3.11,5.545,9.358,0.732,11.517,2.932,4
0.794,3.609,2.204,2.071,3.107,7.675,4
0.699,3.364,8.747,0.532,8.501,6.415,5
1.639,4.574,0.044,0.085,9.312,0.015,1
3.699,2.199,6.594,0.628,13.204,1.298,1
0.305,3.379,5.619,1.15,6.711,3.906,2
3.39,5.766,2.336,0.976,10.998,7.856,1
2.369,4.997,8.988,1.965,8.122,3.537,3
1.889,2.84,4.93,2.388,13.13,0.771,2
2.56,3.297,2.241,2.031,4.213,7.721,1
1.128,6.057,6.947,0.271,0.286,0.126,2
3.376,2.286,3.634,0.531,18.279,7.623,5
0.673,4.059,5.89,0.501,3.01,2.412,2
0.831,6.017,1.351,2.659,8.441,1.739,4
0.508,0.036,3.187,1.903,9.704,6.738,4
3.815,2.238,2.218,2.473,9.268,3.11,1
2.829,2.923,3.093,0.813,1.234,1.503,5
1.286,1.338,8.294,1.048,5.79,0.556,2
3.948,3.238,5.33,2.139,0.429,6.149,3
1.235,0.221,3.11,0.265,17.465,5.006,1
0.152,4.732,1.878,0.155,17.241,1.419,2
2.69,6.183,3.055,2.742,6.494,0.486,3
2.421,2.082,7.32,1.053,1.719,4.888,2
1.138,6.161,0.281,2.508,4.561,6.74,1
1.726,3.266,5.19,0.648,1.403,0.082,1
1.519,2.787,1.698,1.041,3.362,3.395,4
0.239,3.224,5.199,2.615,16.293,0.481,1
0.918,4.6,3.407,0.773,17.402,1.805,3
1.914,2.906,9.31,0.117,16.324,6.235,2
0.366,4.401,8.22,1.525,10.755,7.743,4
0.625,4.429,4.61,1.038,7.367,0.452,5
2.784,6.408,9.452,0.161,15.984,0.437,4
1.659,3.975,4.473,1.38,6.709,4.918,4
0.77,1.274,4.107,1.127,14.578,3.95,3
1.168,0.235,0.236,1.908,1.822,3.225,4
0.123,2.784,2.959,0.649,9.578,2.921,4
2.974,1.4,9.465,0.313,13.317,4.761,2
1.003,1.591,1.6,1.737,5.255,2.637,5
1.265,6.032,1.121,2.074,9.737,3.456,1
2.327,0.613,3.727,1.516,3.458,3.76,2
0.132,4.07,5.568,1.245,18.019,2.337,5
2.852,5.902,9.52,1.023,12.961,7.584,1
3.917,6.393,8.222,2.1,3.812,5.133,4
1.89,3.695,7.347,0.103,8.912,2.25,4
0.604,2.938,9.606,1.633,17.002,0.529,5
3.32,0.308,7.791,1.811,6.695,0.908,3
0.102,0.118,5.507,1.124,17.326,6.954,1
1.456,2.524,8.051,1.114,5.528,4.522,2
3.321,4.356,0.945,0.786,14.957,7.906,3
2.344,0.804,7.65,0.568,0.76,0.334,1
1.412,2.732,1.399,1.082,9.564,6.354,3
1.107,1.262,2.489,0.58,17.154,4.843,3
3.663,5.067,2.246,0.931,7.533,2.89,3
0.236,0.931,5.972,2.038,7.588,4.972,3
3.323,2.465,2.6,2.064,5.847,4.982,3
0.285,3.837,1.498,2.43,18.295,4.702,3
1.056,1.073,0.773,1.264,16.612,3.605,5
1.551,0.675,0.754,1.37,4.352,0.155,4
0.444,0.774,7.453,1.92,12.065,2.748,5
3.989,6.649,6.815,0.021,3.441,0.655,1
0.436,1.324,8.326,0.17,14.025,6.481,4
2.564,0.291,1.9,2.606,6.06,7.358,3
0.066,4.881,5.361,2.44,16.185,5.497,3
2.801,2.087,2.136,1.909,7.551,3.722,5
0.586,0.514,5.745,1.143,12.291,1.659,5
0.152,2.628,7.328,2.573,4.201,1.438,3
0.318,1.988,0,2.452,14.507,2.446,2
3.373,1.528,5.519,2.608,13.528,6.331,3
1.244,6.366,2.324,0.906,5.107,2.029,2
0.009,4.069,4.501,1.886,2.979,5.989,4
3.582,3.077,9.616,0.067,13.801,5.469,5
2.777,4.781,2.142,0.833,15.029,4.243,2
1.176,0.779,1.103,1.013,7.731,0.003,4
3.509,5.865,8.443,0.154,10.741,1.119,3
2.257,1.72,8.727,2.754,4.466,1.918,5
2.617,3.274,5.15,1.497,2.079,4.524,4
1.906,6.491,0.202,2.218,2.85,5.108,5
1.375,5.299,8.156,1.873,3.483,5.774,1
2.041,3.508,8.844,0.631,2.184,6.068,4
3.01,5.882,4.665,2.431,5.131,4.59,2
4.012,1.736,3.563,2.562,9.341,4.071,2
2.962,4.726,8.834,0.077,7.563,7.133,4
2.908,2.704,1.632,1.226,12.203,7.447,3
0.229,2.268,4.545,2.744,12.878,2.966,5
2.96,0.325,5.764,1.082,10.318,0.812,5
2.909,6.466,9.268,1.063,4.626,1.865,5
0.484,6.133,2.385,2.678,4.676,3.412,2
0.879,1.758,6.569,1.421,17.388,1.096,3
3.02,4.113,7.403,0.385,10.979,5.692,1
2.793,2.011,8.265,0.703,5.068,2.153,5
0.917,4.126,7.321,2.26,15.235,1.707,3
0.13,2.13,0.472,1.539,1.467,3.771,3
1.935,2.017,7.836,2.291,5.899,7.064,3
1.207,4.099,4.641,0.707,8.212,2.005,2
3.456,2.992,6.794,0.642,3.487,2.109,3
2.532,1.836,6.807,0.651,6.527,5.021,5
1.493,3.391,4.475,1.086,6.542,2.734,2
1.278,2.856,1.875,1.244,13.627,1.499,1
0.041,6.511,8.287,2.039,9.345,5.834,3
1.452,0.152,8.209,2.53,15.29,0.739,4
1.812,5.884,1.645,1.251,11.45,5.192,3
0.559,2.505,3.185,1.931,12.044,0.831,5
1.598,5.598,4.88,0.879,12.353,1.642,1
3.319,3.029,8.543,1.344,5.427,1.24,2
2.51,4.991,7.169,0.648,1.189,0.716,4
1.09,0.783,3.333,2.376,11.923,2.058,4
2.382,5.746,0.385,1.174,1.461,3.126,4
3.366,5.948,3.566,0.658,2.001,3.316,3
2.328,5.591,6.79,0.386,7.051,7.191,4
2.482,2.191,1.739,1.631,4.229,2.131,2
0.806,4.311,0.468,2.576,5.324,7.679,2
0.076,5.038,5.152,2.823,2.466,0.314,3
2.682,4.763,5.468,2.763,13.343,4.824,3
1.847,1.586,3.187,1.03,9.335,6.309,5
3.387,2.286,3.117,0.397,17.436,3.713,2
3.109,4.444,0.358,1.613,11.275,4.479,4
3.195,3.731,0.65,0.844,0.376,0.364,2
1.533,2.486,7.4,1.821,3.652,6.272,5
3.436,3.43,0.241,1.128,8.387,3.36,3
3.794,2.218,4.865,1.469,15.234,7.008,1
1.895,3.314,2.057,2.892,2.681,4.054,1
1.734,0.646,0.691,2.354,15.142,6.526,1
1.692,4.548,4.971,2.391,7.636,0.279,4
3.911,0.64,1.857,0.793,10.422,3.015,1
2.244,6.635,2.92,1.302,15.585,7.448,4
0.84,0.134,0.716,2.407,8.699,0.293,1
0.996,4.818,1.568,1.003,14.832,5.5,5
1.776,4.909,2.763,2.367,14.446,6.488,5
3.767,0.642,1.422,2.52,13.982,4.744,2
0.242,0.168,4.844,0.465,3.03,6.156,2
2.197,3.183,1.755,2.05,6.56,3.248,5
0.432,1.455,1.523,1.643,13.086,5.405,4
3.542,6.292,6.761,2.727,10.939,4.718,2
1.419,5.855,2.719,1.248,18.073,1.419,1
1.765,0.4,0.888,1.896,15.141,7.622,1
0.347,1.886,1.596,0.753,3.961,2.359,4
0.29,4.15,3.788,2.872,2.665,4.144,4
1.585,2.665,3.401,0.409,10.685,5.781,2
2.994,3.12,0.83,0.003,6.302,1.065,3
3.266,0.97,0.534,2.816,4.53,6.579,5
1.385,0.001,7.933,0.527,17.447,2.536,3
2.144,4.768,8.147,0.105,15.073,6.099,3
3.503,3.746,6.635,2.192,3.788,7.528,5
2.958,3.043,7.807,1.202,14.77,2.512,4
3.775,2.511,6.684,0.803,17.297,3.502,3
0.632,1.593,4.149,2.798,9.781,2.237,2
3.104,1.876,4.311,1.884,7.519,7.882,2
3.984,2.887,2.339,0.983,9.93,0.992,3
0.203,1.594,5.982,0.184,12.334,7.081,1
1.508,3.701,0.141,2.05,16.049,0.383,5
3.167,2.574,4.349,2.002,11.253,1.959,3
1.251,0.007,8.575,1.726,0.652,6.779,2
3.658,4.333,5.595,0.218,10.006,4.639,3
2.542,0.508,0.089,1.001,14.085,7.107,1
1.505,3.983,0.904,1.332,5.835,4.066,5
2.377,2.746,8.2,0.653,5.861,3.35,1
3.89,2.223,3.339,2.371,17.382,2.334,3
2.874,3.353,0.291,1.046,3.262,2.862,5
2.699,4.862,3.225,1.387,16.541,1.27,2
0.958,4.351,4.196,2.561,1.468,1.193,5
3.728,3.412,5.976,2.119,11.245,2.641,5
3.21,5.713,5.005,0.03,14.008,4.719,5
1.883,5.174,7.248,0.286,2.806,5.739,5
1.429,0.016,2.516,1.599,13.746,6.249,3
2.962,3.661,8.241,0.424,12.556,0.197,2
1.978,3.956,8.231,1.724,8.361,3.02,3
1.823,1.965,9.355,0.461,17.416,1.003,5
0.056,6.05,5.053,0.976,13.72,4.185,1
1.389,2.553,4.348,2.283,5.939,2.532,3
4.063,1.247,6.914,1.015,11.847,1.28,5
2.118,4.728,2.392,0.018,5.097,5.609,5
2.158,2.44,3.711,0.056,12.02,1.885,4
0.5,1.992,5.716,0.531,8.925,5.838,5
0.355,4.024,1.86,2.489,4.09,0.759,1
2.769,4.546,6.657,2.625,4.227,0.132,5
2.049,3.453,4.533,0.126,9.063,7.013,2
0.855,4.933,0.144,0.07,13.175,7.941,4
0.213,2.433,3.837,2.577,17.843,7.717,3
3.318,3.54,3.458,0.669,14.617,1.56,4
2.948,5.333,7.611,2.698,10.79,4.931,1
0.111,3.101,6.577,2.277,15.76,0.711,1
3.85,4.493,2.383,2.252,6.639,5.179,1
3.045,3.166,1.253,2.143,15.769,1.692,1
0.596,6.797,2.751,0.291,16.391,7.495,5
1.455,5.137,1.879,1.299,0.838,6.225,2
1.796,2.921,9.468,1.187,7.979,3.26,3
2.821,4.36,0.305,0.665,5.342,2.722,1
2.154,5.81,3.958,2.166,13.013,0.109,2
3.282,4.143,3.694,2.871,10.886,0.125,3
1.639,6.124,3.909,1.655,3.88,7.579,1
0.76,4.288,0.763,0.748,1.84,5.712,2
3.064,2.987,7.355,0.043,15.252,5.47,3
3.528,3.741,1.374,1.929,15.617,4.203,5
1.553,5.111,1.147,1.611,4.702,2.575,1
0.478,5.181,5.606,0.094,7.028,0.56,4
2.377,6.724,4.409,2.358,8.645,2.076,5
1.558,5.378,0.323,0.366,13.277,5.604,4
3.119,5.531,2.351,1.426,14.196,0.589,3
2.027,1.822,9.086,2.825,9.58,1.821,3
2.084,4.096,7.407,1.771,2.389,4.531,4
0.307,1.262,4.544,2.903,8.621,5.087,5
2.382,3.539,3.224,0.413,0.235,2.074,4
2.645,0.529,4.085,1.953,16.343,4.11,5
0.59,3.092,5.39,0.363,0.341,4.997,4
0.385,0.076,4.689,2.861,6.82,7.613,1
1.494,0.253,1.434,0.206,1.155,7.147,2
0.702,5.329,0.451,0.322,14.468,4.786,2
4.005,5.518,7.745,2.705,2.434,6.626,2
3.596,1.453,7.136,2.522,10.05,6.241,1
4.025,1.937,2.62,1.43,6.733,7.842,5
3.168,0.735,3.861,0.387,5.798,7.203,1
3.435,0.759,3.389,2.124,15.413,2.006,2
2.269,1.321,3.398,1.35,5.228,5.231,4
3.379,5.111,1.047,0.13,18.056,5.6,2
1.999,5.434,0.681,2.575,1.319,2.433,1
2.048,2.112,0.493,1.446,5.731,2.438,1
3.132,4.08,4.666,1.1,6.818,1.187,4
3.227,4.024,8.209,2.576,13.581,1.578,2
0.8,5.807,2.445,2.764,9.756,5.651,5
3.537,0.292,9.285,2.533,11.506,3.249,3
1.252,0.538,8.212,1.355,16.173,2.912,5
3.771,0.886,8.548,1.691,7.398,3.099,3
1.503,2.279,5.677,0.346,13.972,6.951,5
2.911,4.436,1.135,1.669,2.542,0.156,3
1.813,1.314,3.698,1.146,16.383,4.168,1
1.149,6.586,8.81,0.602,14.709,6.965,3
1.565,0.233,8.014,1.28,8.78,6.01,2
0.094,5.013,2.063,2.356,8.169,4.837,3
1.447,1.055,5.488,1.803,12.736,1.463,4
3.266,6.372,2.762,2.747,11.376,4.254,5
1.578,0.57,3.059,0.386,17.472,7.799,4
2.515,6.426,6.278,1.172,14.487,5.456,2
0.885,0.997,8.548,0.354,3.913,7.244,3
3.108,4.829,7.149,0.704,16.727,5.334,5
2.76,1.82,0.22,0.384,0.081,4.046,4
3.637,6.035,4.427,0.345,6.318,0.515,2
0.461,3.167,8.514,0.815,11.622,4.381,4
1.094,3.838,6.39,0.791,13.05,4.179,1
3.744,5.281,9.424,2.132,3.71,2.5,3
2.407,5.088,7.615,1.482,17.263,6.936,4
1.804,0.633,9.406,2.3,2.953,7.751,5
4.039,5.641,9.231,0.62,11.198,5.409,2
0.465,5.8,7.497,0.435,11.641,5.797,2
0.954,3.33,8.011,0.407,17.358,0.761,4
4.016,3.126,3.171,1.033,13.807,3.854,5
1.1,2.856,4.458,0.454,0.47,2.921,5
0.054,3.603,6.731,2.027,0.15,5.048,5
0.088,3.335,7.898,1.852,1.638,6.953,3
0.834,0.583,1.497,2.209,4.008,2.695,3
2.581,1.96,6.388,0.274,12.565,7.497,1
1.589,3.836,0.079,1.462,9.042,6.581,2
4.042,4.724,1.923,1.506,2.129,7.717,3
3.123,6.529,3.868,1.094,0.796,1.566,2
2.622,5.423,9.439,1.107,0.301,7.278,2
0.949,3.634,3.502,1.006,2.822,5.484,4
1.898,4.092,5.335,2.379,16.437,0.576,2
3.445,5.587,6.567,1.722,9.707,2.442,1
0.073,5.022,8.71,2.05,6.626,1.527,4
3.291,4.835,3.287,0.756,0.542,3.188,2
2.579,5.171,6.575,1.837,15.838,1.562,1
3.762,2.359,8.362,0.038,14.657,5.096,4
1.795,0.373,2.262,1.264,1.886,5.256,1
2.417,1.03,0.273,2.72,14.971,3.883,5
1.07,0.634,1.736,1.715,8.269,4.816,2
2.853,1.225,6.538,1.761,11.172,0.343,1
1.976,3.738,4.438,2.059,15.756,2.218,3
1.003,2.197,0.225,2.761,14.139,7.538,3
1.302,2.691,8.651,1.467,11.046,5.871,1
3.236,3.565,0.254,2.64,5.481,4.999,4
1.521,4.276,8.09,0.156,3.151,1.345,3
3.237,4.789,6.589,2.853,9.148,4.68,5
0.613,0.355,0.771,0.962,11.619,2.214,4
1.557,3.873,8.184,2.421,6.461,2.777,5
3.821,1.948,2.617,1.927,1.97,5.399,2
1.605,3.241,0.41,1.597,16.123,4.751,4
3.615,3.79,0.51,2.525,11.674,6.788,3
3.24,4.261,6.298,1.108,16.263,0.078,2
3.833,5.844,1.081,1.178,14.354,7.164,1
3.897,1.782,5.675,1.756,9.721,6.468,3
2.667,1.02,8.158,0.053,8.214,1.249,2
1.826,0.328,0.973,1.327,13.741,6.357,3
0.39,1.121,0.758,0.826,13.497,7.698,5
3.458,2.092,3.164,2.488,2.359,1.247,1
2.62,4.209,3.086,1.2,14.485,2.369,4
1.905,6.256,7.511,1.856,1.119,0.641,2
0.424,5.751,3.973,2.608,2.98,6.601,1
3.223,3.642,4.115,1.671,13.871,4.079,1
0.292,5.82,5.264,1.156,1.018,1.181,2
2.653,3.85,7.761,2.569,16.605,2.899,1
0.746,4.904,4.628,2.644,13.973,4.708,3
0.032,5.078,8.62,1.486,17.884,5.918,2
2.732,4.326,8.923,0.248,7.17,6.656,2
0.577,3.115,6.968,2.18,3.844,4.543,5
1.147,4.442,8.968,1.978,4.261,5.255,1
2.58,5.031,8.205,1.594,2.001,3.587,5
0.413,3.09,2.691,1.379,5.233,0.165,2
3.493,1.779,9.169,1.061,12.601,7.311,5
0.126,5.13,8.503,1.002,14.638,0.813,1
1.821,3.885,0.303,2.486,15.694,0.172,2
2.635,4.493,3.114,1.629,10.976,7.166,2
0.462,1.936,8.124,0.299,1.361,3.477,5
0.023,5.237,0.393,2.247,14.944,7.444,5
3.017,5.956,3.071,0.968,7.833,7.88,3
0.522,3.276,7.068,1.373,9.405,4.925,3
3.444,6.797,8.639,1.487,9.945,5.753,4
0.933,3.04,1.801,2.334,4.916,6.927,3
2.403,2.148,3.5,2.466,11.538,6.469,2
3.084,4.713,3.427,0.285,15.468,2.905,4
0.167,4.423,0.988,0.441,0.853,6.132,5
3.315,5.441,3.846,0.282,7.595,1.795,3
0.426,1.669,8.989,0.895,4.88,5.679,5
1.498,3.784,0.844,1.655,4.911,5.637,3
0.689,3.303,6.958,2.028,11.111,7.881,2
2.259,2.467,5.45,2.443,8.45,7.336,2
1.819,5.823,7.947,2.286,5.874,0.682,1
0.618,3.894,3.13,1.265,13.934,0.345,3
2.051,6.35,4.968,2.654,11.3,1.504,2
1.098,1.324,5.484,2.474,9.718,4.708,1
0.078,4.938,3.681,0.497,10.823,7.214,5
3.617,6.442,8.562,2.37,11.274,2.378,4
2.888,5.432,6.305,2.222,16.749,2.474,5
2.087,2.138,8.582,0.277,0.551,5.076,4
0.368,0.289,3.88,1.052,7.365,5.805,2
1.5,4.128,2.184,0.369,14.934,3.481,5
0.179,1.117,8.345,0.957,11.7,1.451,3
3.283,5.511,0.563,1.347,2.598,3.451,2
1.105,2.515,4.222,1.173,15.499,3.049,1
3.904,3.624,3.919,2.465,11.603,7.712,4
1.927,1.83,3.749,2.144,5.48,7.946,4
1.829,2.472,8.5,2.825,12.284,3.011,2
1.483,2.882,3.883,0.687,1.096,6.324,3
1.217,2.795,6.296,1.336,1.724,7.892,4
1.64,5.68,2.556,2.804,7.283,2.191,5
2.975,3.557,8.56,2.811,1.823,7.139,4
2.425,5.002,3.743,1.909,3.502,0.236,1
1.194,0.817,1.252,2.761,12.135,4.773,2
1.693,4.428,4.85,2.536,9.216,3.982,3
2.1,0.206,2.467,2.648,5.845,1.952,5
0.776,5.778,6.653,0.028,3.284,4.974,1
0.122,2.265,9.587,2.076,13.934,4.617,3
0.262,3.686,3.858,1.608,12.757,3.49,2
0.425,1.754,8.202,2.536,8.552,6.789,3
2.271,2.818,6.28,0.164,8.204,1.19,4
0.303,5.503,1.971,2.409,1.415,2.631,5
2.285,6.454,5.628,0.294,10.895,2.469,1
2.099,6.135,5.486,2.405,6.93,4.759,5
2.071,3.024,8.16,1.649,15.704,3.071,1
2.233,5.153,5.791,0.148,12.676,3.783,5
3.49,6.165,5.706,0.84,2.976,4.096,5
2.269,4.539,4.965,2.908,7.875,6.929,2
2.147,3.586,2.56,2.616,15.756,0.574,4
0.83,3.724,0.372,1.621,4.03,2.751,5
3.094,1.967,6.763,2.286,6.189,1.81,5
0.315,0.942,3.781,0.955,8.371,3.719,1
1.284,3.859,6.28,2.239,15.229,1.964,5
0.569,0.393,0.206,0.052,0.764,7.2,3
4.003,1.937,6.215,2.867,2.001,7.633,5
2.225,3.505,7.129,2.889,9.656,1.106,1
2.792,1.178,8.528,2.194,9.855,2.773,5
0.959,5.558,3.834,1.899,15.406,1.171,3
3.551,2.503,3.549,1.022,0.08,0.528,5
2.515,1.212,2.555,1.269,5.599,2.432,1
3.052,6.025,8.694,0.641,5.463,6.397,4
2.522,5.086,5.412,2.877,9.275,3.267,4
3.403,5.39,7.683,2.887,7.27,2.441,4
1.459,5.061,7.721,1.575,14.163,0.349,1
0.959,5.591,0.883,0.205,2.09,2.304,5
0.426,6.336,9.183,2.298,10.498,3.571,4
1.166,2.369,1.937,1.906,8.665,3.977,1
4.032,3.114,1.211,2.577,5.173,3.912,3
1.44,4.527,2.442,2.161,9.099,4.282,1
2.72,4.983,6.138,1.15,10.269,6.913,3
2.864,0.35,3.551,1.708,0.578,3.126,5
1.669,3.018,4.847,0.823,6.629,4.017,2
2.644,5.512,6.61,0.864,1.086,0.823,4
1.783,2.313,2.66,0.698,4.476,5.951,2
1.88,5.39,0.615,0.321,16.5,0.699,5
0.422,2.064,8.362,0.116,4.118,4.691,3
1.67,6.613,8.19,1.907,13.576,1.864,4
0.199,4.598,6.28,1.408,2.968,6.468,5
0.061,4.459,9.211,1.591,1.085,6.826,2
2.984,1.539,3.931,0.436,3.904,5.485,1
1.015,0.493,8.78,2.501,1.298,4.559,3
1.679,5.132,4.836,2.517,11.205,7.908,4
0.917,2.65,2.228,1.712,8.791,7.236,3
0.246,2.426,3.627,0.794,1.179,5.58,3
1.233,6.336,4.508,0.044,11.755,3.808,4
0.472,1.259,5.646,0.816,9.328,3.593,3
2.403,5.707,3.518,2.589,8.644,6.353,1
2.738,6.701,8.962,0.677,16.654,2.016,3
3.211,3.621,3.927,1.792,14.694,6.672,3
0.413,2.761,8.736,1.9,14.897,5.734,3
0.736,1.193,4.184,0.416,10.243,2.975,5
0.644,4.117,8.262,2.705,17.502,1.18,4
2.966,3.773,9.272,0.446,14.194,7.432,1
1.319,6.128,9.104,1.861,8.059,0.163,4
0.882,5.95,1.207,2.559,1.571,7.777,4
3.195,6.718,5.964,1.972,4.66,3.843,5
0.254,0.887,2.168,1.385,16.575,3.813,2
2.338,3.466,5.31,1.019,8.432,1.065,4
2.464,1.598,6.904,1.661,6.485,0.085,2
2.241,3.556,5.196,2.01,9.749,0.669,3
3.792,4.966,8.7,2.243,8.657,4.128,5
0.238,6.55,7.104,1.5,5.325,1.871,2
0.952,6.02,7.265,1.735,6.407,0.187,2
2.181,0.919,3.724,0.501,1.582,3.146,1
1.809,6.11,4.709,2.871,6.159,4.944,1
1.006,4.46,1.75,2.683,13.94,0.522,2
3.835,2.32,7.894,2.293,12.011,0.778,3
1.151,6.321,2.282,1.46,16.295,5.122,3
2.029,2.932,1.743,2.822,12.734,1.355,2
0.63,2.866,8.778,1.537,17.246,7.178,1
0.642,5.909,5.977,2.803,16.767,4.024,5
2.767,3.133,4.773,0.074,13.891,2.169,2
1.99,5.467,1.043,0.854,15.589,2.118,2
1.673,4.901,6.583,1.206,13.226,2.001,3
0.792,2.884,8.665,1.776,9.298,0.593,2
0.812,1.931,2.899,0.659,5.485,7.019,4
0.531,1.936,6.109,1.18,14.609,6.243,1
0.285,1.82,3.614,2.842,10.83,6.535,1
1.54,2.29,6.871,2.136,6.055,2.752,4
3.893,6.818,4.497,0.834,6.5,7.897,3
1.252,3.537,4.644,0.79,12.623,2.125,3
0.256,5.301,8.953,2.75,7.723,0.056,2
0.962,5.096,3.257,1.726,7.14,3.785,1
3.374,3.808,6.947,0.013,4.809,1.112,5
1.653,5.679,1.169,0.199,9.284,6.973,3
3.909,1.133,2.358,2.256,17.798,7.823,5
1.288,4.926,6.831,1.95,14.812,0.324,1
0.237,5.462,0.452,0.312,5.866,1.445,4
4.08,2.824,9.033,0.723,15.635,0.129,4
3.002,4.557,3.03,0.316,9.307,7.72,1
1.345,0.136,1.764,0.784,5.683,4.559,3
0.558,5.185,5.505,0.217,1.572,3.635,1
2.38,4.199,8.966,1.835,4.84,3.232,3
2.093,6.188,3.098,1.658,17.045,2.748,2
0.48,1.72,3.864,2.713,0.093,7.405,4
0.774,4.89,9.086,0.047,0.862,0.518,5
3.564,3.86,7.448,0.24,16.705,7.327,5
2.151,5.537,5.34,0.326,5.527,1.682,1
3.762,4.542,8.543,0.806,15.779,4.799,4
0.764,5.397,5.438,1.821,6.561,5.039,5
0.276,4.035,2.398,0.997,10.647,4.362,3
3.956,3.226,0.682,0.185,1.581,6.017,3
1.939,4.126,4.151,1.923,5.374,5.409,4
3.093,0.86,3.857,2.609,15.433,4.265,3
0.045,3.221,5.237,2.689,18.032,7.264,4
3.346,5.621,3.836,1.421,7.476,0.599,5
0.699,5.67,6.91,1.642,7.106,1.555,4
0.821,3.952,8.933,1.388,12.468,1.118,3
1.007,1.628,8.896,2.675,14.201,3.358,4
2.228,6.607,6.827,2.826,9.626,0.731,1
3.394,5.824,5.069,1.638,0.357,1.112,2
1.894,6.628,5.506,1.372,1.808,7.938,1
2.314,2.46,0.862,1.164,16.499,0.416,4
0.433,2.365,3.185,2.241,1.196,0.65,2
3.719,6.138,2.581,1.62,9.718,3.056,4
1.23,6.664,2.942,0.572,5.55,3.914,2
2.662,2.959,5.05,0.504,0.68,6.035,1
2.503,2.583,5.165,0.57,15.274,1.505,5
3.4,6.623,5.355,2.136,7.982,7.06,5
0.367,3.912,4.775,0.62,9.104,3.361,1
3.988,4.828,6.72,0.172,6.586,5.066,1
1.377,6.497,6.447,2.036,5.941,6.546,4
3.043,1.216,1.949,1.984,11.235,4.628,2
3.639,3.695,0.354,1.653,8.001,4.192,4
3.272,2.951,8.26,2.592,17.196,1.359,5
0.74,1.902,5.889,0.053,6.333,0.222,1
0.714,2.3,4.522,0.923,13.02,6.831,4
3.436,0.797,3.775,2.747,5.928,1.539,2
2.6,2.552,8.513,1.657,12.619,6.882,1
2.489,2.811,0.713,1.858,6.715,5.895,5
1.568,5.073,6.284,1.816,15.674,0.752,5
0.91,0.108,0.2,0.106,8.367,3.571,4
1.877,2.491,2.829,0.625,17.881,5.528,4
3.887,1.805,3.729,0.435,3.885,6.229,1
2.934,5.195,5.996,2.868,13.876,0.907,5
3.485,3.452,0.322,1.194,8.702,4.352,2
0.989,4.552,2.469,0.637,14.195,3.754,3
1.683,4.927,2.042,2.668,8.09,5.638,5
0.33,6.135,0.621,1.459,13.578,6.443,5
1.724,6.409,8.69,1.01,9.823,4.645,4
0.529,4.202,3.049,0.932,5.336,3.56,2
1.799,2.929,7.865,2.469,8.572,6.128,2
2.92,1.61,9.352,2.021,7.181,0.2,5
1.605,3.088,3.267,1.288,17.402,5.048,5
2.903,5.155,3.075,1.788,14.761,1.854,5
1.347,4.9,8.984,2.324,11.717,1.373,4
1.888,3.777,2.935,1.219,1.988,4.193,3
0.741,5.423,2.252,0.058,9.729,1.337,3
2.25,3.845,0.458,2.36,17.929,1.278,3
3.851,6.329,8.415,2.877,14.748,5.695,4
3.447,4.997,0.248,2.357,15.837,0.372,3
0.225,5.316,0.143,1.353,15.643,3.791,1
3.051,3.21,8.642,0.534,16.053,3.997,3
2.346,1.787,3.399,0.189,14.177,3.621,3
1.832,3.089,4.901,0.661,15.666,1.741,3
2.983,3.422,3.742,1.747,8.102,1.443,4
3.442,6.539,8.308,2.908,17.919,1.731,2
2.383,5.042,5.505,2.695,0.013,1.998,1
3.919,2.162,2.817,2.084,2.112,7.533,3
1.011,5.741,8.309,1.525,17.086,5.851,1
1.362,2.668,3.152,0.184,14.568,5.655,1
2.91,5.985,5.392,0.742,13.248,2.875,4
2.086,2.301,5.607,0.306,15.831,4.865,2
0.216,4.3,7.212,0.46,7.139,2.164,1
2.333,3.645,7.706,1.27,7.963,1.563,4
1.847,4.043,8.028,2.81,10.975,0.11,2
3.862,1.56,5.471,1.411,15.805,0.868,1
3.885,3.751,5.249,2.654,0.789,3.932,5
3.935,6.037,0.013,0.21,14.467,4.436,2
0.186,3.648,4.173,2.206,1.449,5.846,1
1.133,2.276,6.599,2.563,9.605,3.245,2
3.844,0.877,6.262,1.089,5.856,3.515,3
2.504,5.553,9.329,0.291,3.21,3.282,4
3.789,3.262,4.886,2.634,4.588,2.513,4
1.921,1.981,3.316,1.955,15.856,5.767,5
2.549,1.597,4.001,2.34,12.038,5.104,3
1.2,3.306,4.013,1.279,9.619,6.744,1
2.982,5.992,0.25,0.189,1.87,4.874,1
2.123,5.389,9.47,1.548,14.227,3.633,2
0.544,2.81,0.166,0.583,8.986,6.412,4
2.9,2.583,9.544,0.79,13.653,6.001,2
3.931,3.323,4.917,1.779,11.58,5.588,5
1.209,1.949,8.204,0.963,7.678,6.021,2
3.669,2.682,3.132,0.676,10.139,2.61,1
3.733,3.805,5.967,0.2,17.945,6.035,3
1.827,0.556,1.812,2.178,4.315,5.729,3
4.064,3.507,2.301,1.662,12.5,6.886,5
2.811,3.806,9.123,1.49,5.331,4.767,1
3.598,0.415,6.501,1.691,12.918,6.471,1
0.724,4.139,3.334,0.216,12.603,1.55,5
3.95,5.126,0.991,0.342,16.267,6.706,1
0.13,2.666,0.829,1.288,3.053,7.158,1
1.737,2.772,7.828,2.47,6.709,6.223,4
2.354,1.193,3.383,0.13,15.527,1.125,5
3.683,1.2,3.907,2.479,2.105,6.329,4
2.779,0.068,2.376,1.117,6.5,6.86,4
1.352,6.55,0.465,0.112,16.404,0.565,2
3.626,1.549,9.596,1.971,2.714,1.675,3
0.18,1.174,2.983,1.188,3.474,2.679,4
4.009,2.787,9.451,1.735,16.66,4.216,4
3.802,4.139,6.848,0.121,16.341,1.876,3
3.573,0.81,5.259,0.528,7.795,3.218,2
3.5,6.763,4.52,1.14,1.083,3.176,1
3.053,0.749,6.526,0.745,16.486,3.242,1
2.55,0.421,9.158,2.335,6.423,1.414,4
1.249,3.408,1.521,1.876,8.543,7.439,1
3.57,1.855,3.786,2.253,13.359,5.116,3
3.026,4.595,8.409,0.313,4.072,7.039,2
0.21,5.729,3.702,2.5,3.49,3.153,4
1.425,5.071,4.148,0.793,7.86,7.804,4
3.41,5.564,4.965,1.902,15.382,2.375,4
3.703,3.161,3.213,1.46,6.568,6.033,3
1.842,1.95,7.213,2.104,5.209,3.12,2
3.183,5.066,2.747,2.085,1.358,7.983,4
1.124,4.999,9.611,2.405,10.472,3.429,4
2.913,6.548,8.43,0.822,17.832,0.029,3
1.63,5.901,0.069,2.133,4.252,7.23,1
2.552,0.958,5.066,0,14.53,5.539,3
3.134,2.388,1.054,0.636,13.239,0.072,5
0.784,5.095,8.676,1.828,10.364,6.831,1
3.985,2.14,3.524,2.077,0.561,5.688,4
4.051,6.68,4.925,1.888,9.343,2.285,1
1.199,0.512,3.501,1.21,11.906,3.705,1
3.263,1.803,5.283,0.111,1.944,2.541,4
2.218,1.926,7.774,1.328,13.789,4.925,1
0.688,0.455,8.498,0.511,14.094,0.046,4
2.517,3.059,7.449,2.254,9.354,3.677,3
1.025,4.791,2.165,1.179,4.011,3.483,2
0.35,2.708,6.173,0.243,8.31,5.166,3
2.086,1.307,1.875,1.718,2.111,7.976,4
3.599,0.734,2.639,2.491,3.064,7.015,2
1.719,4.916,3.459,2.141,2.199,0.418,2
2.809,0.051,5.905,1.164,15.469,5.805,2
1.208,2.316,4.393,2.528,2.488,5.952,2
2.271,3.136,1.534,1.228,5.89,7.132,5
3.65,1.043,4.798,1.708,8.135,2.928,2
2.976,5.571,4.262,2.414,15.135,3.704,2
1.801,6.411,8.347,2.266,1.309,4.292,4
1.287,4.819,9.101,1.702,2.874,4.785,5
3.145,1.731,6.817,1.22,10.141,2.422,3
3.32,6.547,7.382,1.577,13.152,4.571,2
3.358,1.425,2.755,1.194,9.609,0.07,3
1.611,1.053,0.467,2.187,8.458,2.578,1
2.727,3.021,6.686,0.888,8.151,7.446,2
2.463,0.67,7.799,2.606,7.428,5.619,3
2.075,3.438,6.628,1.254,4.636,4.939,2
0.031,0.18,6.519,2.224,2.788,5.024,2
2.085,4.766,0.833,0.72,11.164,0.083,3
3.104,6.214,0.742,1.377,16.413,7.241,3
3.892,4.227,5.921,1.19,1.858,0.865,3
0.502,1.906,8.632,0.555,0.611,4.451,2
1.309,1.172,6.533,1.958,17.789,3.19,5
2.867,0.046,9.351,2.628,11.33,1.852,4
1.991,5.114,8.114,0.126,9.808,2.669,1
1.277,2.6,4.126,0.461,8.459,5.487,1
3.241,3.709,0.869,2.51,7.506,5.939,2
0.492,5.542,2.833,0.633,9.317,5.499,3
1.785,0.66,5.383,0.39,9.215,5.259,4
2.709,0.302,8.585,2.845,6.428,7.427,3
1.455,2.865,8.568,0.768,9.257,3.635,4
1.534,4.134,6.042,1.198,7.994,3.629,3
3.134,6.268,0.748,2.313,4.052,5.267,3
1.551,4.674,3.205,1.226,5.657,5.577,2
3.917,1.115,4.602,2.294,8.98,6.54,3
2.461,1.034,6.093,1.093,0.043,2.284,1
1.352,3.796,6.218,1.331,3.392,6.317,4
3.459,4.234,6.455,0.539,9.653,1.348,2
1.891,5.892,6.086,1.233,16.413,6.927,4
0.797,6.628,7.858,0.259,5.476,4.992,2
0.053,0.613,6.866,0.182,9.025,4.659,3
3.353,2.64,9.37,0.855,8.819,1.972,4
0.879,4.423,4.197,1.844,1.437,6.633,3
0.367,0.599,8.19,1.925,0.198,1.2,3
1.85,0.642,5.073,0.898,6.207,0.875,1
1.265,0.129,8.547,1.938,10.083,3.777,2
0.365,0.618,3.998,1.597,3.673,2.893,4
2.195,3.001,5.133,0.603,11.044,6.744,2
2.386,6.14,7.128,1.093,12.255,4.598,3
3.202,5.046,1.3,1.585,0.155,1.415,5
2.153,4.08,1.924,1.332,4.778,4.071,4
2.056,5.839,8.271,0.567,16.834,4.036,3
1.242,5.068,3.706,2.429,2.332,0.306,3
3.284,1.666,9.041,2.572,5.661,7.378,5
3.463,1.697,5.054,0.744,7.801,5.686,2
3.668,0.343,2.974,0.759,12.305,2.18,3
0.667,5.746,8.744,2.12,12.239,7.052,1
1.404,5.328,7.392,1.807,11.115,6.492,4
3.138,6.038,9.428,2.739,14.494,2.639,1
0.172,0.297,6.037,0.442,0.669,7.039,1
2.7,0.757,6.346,0.926,1.741,2.442,3
0.096,2.256,4.258,1.288,1.157,5.002,5
1.867,1.43,7.536,0.763,17.608,1.952,5
3.593,2.498,2.91,2.723,6.809,5.552,2
2.585,3.14,0.758,0.972,3.436,2.971,5
3.29,4.35,2.094,2.826,9.827,6.131,1
3.367,3.427,6.07,0.17,12.447,0.104,2
0.9,1.549,1.208,0.953,2.937,1.45,2
0.095,1.773,7.644,2.746,11.471,3.485,3
3.542,5.696,5.988,0.419,12.391,3.951,5
2.446,5.329,1.277,2.421,1.206,7.747,3
3.132,0.307,0.662,0.694,5.629,1.299,1
2.989,1.369,7.641,0.428,3.646,0.898,4
1.237,2.694,3.514,2.539,4.867,3.913,2
1.094,5.44,5.262,2.287,18.227,0.982,2
2.023,3.02,0.435,1.103,8.126,0.753,3
0.859,3.728,6.342,2.15,17.239,2.014,1
3.706,1.223,1.944,1.729,5.664,1.649,2
2.512,0.619,2.576,0.852,7.504,7.913,5
0.516,0.005,0.27,2.314,13.87,6.126,2
3.827,5.022,4.265,0.487,10.386,6.495,1
3.583,1.789,9.103,0.678,12.589,0.739,5
3.515,1.533,1.738,0.06,3.21,4.137,5
3.516,6.305,6.522,0.606,15.221,4.985,2
0.671,1.379,0.094,0.763,5.777,1.1,2
3.907,0.72,8.925,0.329,3.581,7.641,3
0.737,2.477,7.469,0.042,14.402,2.115,5
2.731,0.131,0.469,1.369,6.82,5.746,3
0.748,4.525,8.282,1.858,6.831,2.777,5
3.82,2.14,1.672,0.769,6.8,4.003,3
3.451,0.859,9.585,1.082,12.926,4.204,1
0.395,6.718,2.375,1.657,10.185,1.046,2
1.919,1.77,3.631,0.012,16.004,7.311,3
3.29,0.937,1.264,0.178,13.222,7.224,5
2.458,3.864,7.206,1.614,12.808,4.94,1
2.156,4.591,0.418,2.635,7.829,4.424,4
1.906,1.01,1.091,1.308,9.455,5.755,3
1.01,5.263,4.253,1.285,17.312,3.268,3
0.629,2.67,1.967,1.487,11.989,6.93,4
1.803,6.076,1.771,0.789,12.238,7.791,3
1.191,2.125,5.406,1.296,12.677,5.755,5
0.973,6.409,7.566,0.391,4.121,1.142,4
2.891,4.572,5.892,2.518,14.105,0.273,2
3.058,0.471,2.03,0.664,12.711,5.872,4
1.605,2.86,0.626,0.817,10.185,5.529,1
3.994,6.423,3.27,1.197,14.031,2.718,3
0.689,2.927,8.195,1.352,5.289,0.367,3
0.247,0.58,9.232,1.765,10.967,4.572,3
0.225,0.1,3.915,0.285,7.239,0.093,5
2.557,6.194,3.336,2.665,16.711,7.798,4
1.753,6.574,3.826,1.484,12.04,3.267,2
2.854,0.187,8.311,2.268,13.805,0.482,4
3.954,0.504,9.27,0.295,5.587,1.744,3
2.412,4.097,0.718,0.196,14.873,6.863,4
1.992,0.867,0.886,2.621,1.181,3.973,5
0.452,1.35,9.243,0.747,2.451,0.586,4
3.506,0.125,6.492,1.833,10.507,5.651,5
0.222,5.688,0.811,1.607,2.331,7.72,4
3.275,3.385,0.309,1.935,15.363,0.665,5
3.883,6.465,7.17,1.954,0.041,5.55,5
3.453,6.239,3.256,1.521,11.893,7.22,2
3.622,3.94,2.862,1.874,17.825,4.737,5
1.667,3.704,2.366,1.603,17.877,3.019,3
1.21,0.128,5.499,0.079,6.114,7.937,2
3.525,4.158,6.331,0.546,17.845,6.611,4
3.715,0.335,5.644,2.827,10.421,2.378,4
3.198,3.676,5.397,1.277,5.466,5.055,5
2.33,4.011,0.181,0.114,2.394,4.364,4
1.461,6.162,0.53,0.98,13.351,6.627,2
1.697,2.666,9.222,0.217,0.604,4.045,2
1.751,0.643,5.143,0.24,0.108,4.47,4
0.069,1.908,9.42,0.406,9.405,0.699,1
3.694,1.566,3.776,1.806,17.349,3.345,4
3.756,0.019,7.949,0.714,6.696,7.279,5
1.081,6.54,0.942,2.382,15.963,0.007,4
2.612,4.57,9.54,1.887,1.431,7.001,4
1.306,6.606,4.841,1.722,16.775,1.754,1
1.266,2.662,4.669,2.543,17.088,4.54,1
1.748,3.916,3.699,2.598,16.533,7.232,4
1.143,3.392,6.061,1.659,16.414,0.218,2
2.821,2.314,8.409,0.121,9.323,2.568,4
3.894,0.34,7.164,1.149,9.022,2.091,1
1.132,6.42,6.335,2.394,16.291,3.552,3
2.538,3.622,7.688,0.898,3.766,1.042,4
3.337,3.33,5.432,0.804,8.768,5.486,3
2.907,6.698,1.083,2.339,3.566,0.38,2
1.136,0.349,4.241,2.551,9.739,7.584,3
0.222,1.871,0.11,0.36,16.712,0.106,1
1.76,4.471,3.627,2.195,16.757,0.484,5
1.763,0.382,4.262,0.474,11.509,2.504,2
1.824,5.446,7.411,1.385,5.321,3.784,2
2.174,4.737,1.385,1.693,1.849,4.889,1
2.467,2.788,7.343,2.771,15.21,1.843,3
0.316,1.184,3.992,0.043,11.517,1.424,3
3.18,3.13,2.526,0.401,2.812,3.136,3
3.116,1.768,2.425,1.88,9.897,0.113,3
0.394,3.678,8.171,1.48,12.684,7.823,5
3.722,4.59,4.89,0.114,14.697,3.246,4
1.439,1.272,5.599,0.328,16.633,3.352,4
2.049,2.179,2.361,1.387,8.242,4.011,1
2.859,3.226,9.332,0.076,18.202,7.925,2
3.008,2.072,9.361,1.013,9.821,4.745,2
1.969,6.119,9.226,1.679,14.246,3.032,3
1.408,3.488,9.134,2.222,14.953,4.611,4
2.669,1.16,6.202,1.525,3.303,6.844,5
3.939,4.609,1.602,2.493,8.154,7.86,4
0.495,2.62,7.007,2.214,9.938,3.985,2
3.861,3.407,2.289,1.267,16.368,5.247,5
3.872,5.599,8.381,1.175,2.059,3.142,5
4.03,5.05,7.309,2.778,14.31,7.358,2
1.332,3.056,7.566,0.526,10.138,4.452,3
3.04,1.663,9.063,1.093,9.738,4.572,5
1.137,1.664,7.152,0.876,2.587,0.518,3
1.943,3.828,4.71,0.825,4.481,1.687,1
3.741,4.704,9.351,2.474,18.214,6.877,1
2.153,4.288,3.635,0.209,16.558,4.776,1
1.414,2.465,3.037,1.283,4.866,1.247,2
2.428,4.277,2.371,1.466,17.505,1.15,2
1.694,1.937,0.682,1.669,4.633,7.379,3
3.846,0.08,2.877,2.779,7.564,5.355,3
1.081,4.227,1.083,1.097,1.554,5.956,4
1.047,5.61,7.92,0.926,14.453,7.774,3
2.083,6.213,4.561,2.679,10.705,6.65,2
1.497,1.968,3.271,2.106,11.263,0.1,5
1.782,1.342,0.746,0.084,13.428,5.178,4
1.068,0.511,3.571,1.86,10.876,3.755,1
0.041,1.557,6.169,1.481,15.71,4.016,1
1.612,3.478,7.884,0.145,14.92,4.077,5
2.186,0.032,7.311,2.002,12.733,3.169,4
1.286,1.408,8.783,0.012,10.571,6.266,2
2.207,6.012,7.713,0.392,11.085,1.559,1
3.961,3.41,9.497,0.061,5.713,6.126,4
0.496,2.172,7.711,1.207,8.439,2.948,4
3.812,3.001,3.14,0.066,14.387,6.427,5
1.334,2.417,1.057,0.216,12.006,5.04,3
0.626,2.993,4.558,2.549,14.419,7.76,1
4.002,4.131,8.19,0.195,4.194,4.102,2
3.836,4.008,4.866,1.877,12.354,1.943,3
2.43,6.049,7.647,1.698,2.579,4.598,1
1.831,6.018,1.107,2.807,9.639,6.281,4
1.329,0.298,0.848,1.613,10.877,5.326,3
2.197,2.522,6.734,2.759,5.063,7.443,2
1.353,6.259,4.82,2.449,9.937,3.996,4
3.774,3.228,6.831,2.757,12.831,6.099,4
3.481,1.288,4.6,0.6,9.67,4.913,1
2.259,0.501,4.939,0.914,2.63,6.989,4
1.468,5.364,3.987,0.091,3.488,6.837,2
1.898,5.769,1.757,2.598,6.359,7.024,1
1.161,6.54,0.912,0.202,16.313,5.291,3
0.264,2.872,2.158,2.012,13.469,2.31,4
0.459,3.334,2.975,2.614,6.339,7.762,2
4.001,1.744,8.802,1.718,5.879,4.303,1
2.334,2.273,5.804,0.973,13.685,7.824,2
0.481,6.612,6.885,2.684,11.077,5.726,1
2.69,6.267,0.877,0.097,11.617,4.727,4
3.75,5.411,2.757,0.738,10.264,1.324,1
1.458,6.015,1.682,0.093,7.603,0.452,4
3.164,6.564,1.134,0.431,4.023,1.607,3
2.626,5.854,4.729,1.752,12.057,3.931,2
0.788,2.268,8.826,1.293,13.659,7.993,3
0.084,4.132,4.195,1.949,11.34,0.528,1
2.313,3.807,1.857,1.428,3.882,4.651,1
4.052,6.581,0.106,0.549,11.735,6.662,1
3.859,2.609,2.117,1.02,3.647,2.741,3
1.397,4.74,9.229,0.532,2.045,6.173,3
0.508,2.786,3.264,1.782,2.378,7.116,4
1.636,3.219,7.164,1.469,6.904,4.828,4
3.334,2.005,6.329,1.5,6.635,5.707,1
0.434,2.238,4.373,2.597,11.787,7.932,3
3.599,5.533,1.667,1.887,7.3,5.077,3
3.18,3.054,4.574,0.257,4.728,6.946,1
2.049,5.296,4.562,0.586,16.817,4.817,2
0.46,3.753,3.417,1.517,5.517,5.822,3
0.657,3.135,7.53,2.811,14.519,7.333,1
1.301,6.025,2.629,1.434,5.818,6.118,1
2.523,0.138,9.339,0.959,10.463,5.102,4
2.845,2.319,5.812,0.241,6.678,0.415,5
4.014,6.285,6.758,1.616,5.455,0.825,5
3.358,1.669,5.326,2.061,14.042,4.09,4
2.748,6.332,2.714,2.523,13.83,4.62,4
3.4,1.894,6.297,1.9,9.962,0.66,2
3.782,2.254,2.336,0.005,12.887,0.296,4
1.669,5.488,8.277,1.977,2.913,4.463,5
3.628,4.772,4.405,2.282,14.623,7.421,3
1.406,2.998,8.785,2.828,5.588,7.422,3
2.779,4.798,7.383,0.37,2.35,2.004,4
0.416,3.354,3.338,1.665,13.186,0.851,3
1.385,6.535,9.106,2.615,10.634,5.548,3
3.889,2.23,2.017,1.278,9.753,4.08,1
2.841,4.475,2.299,1.837,2.952,7.665,4
2.143,0.142,5.461,1.533,16.805,2.425,3
1.537,1.158,5.091,0.58,2.163,6.039,1
1.344,1.865,2.599,1.857,11.83,2.821,4
1.211,5.642,8.506,2.303,10.457,4.334,5
1.882,5.993,2.127,0.856,15.561,1.991,4
0.043,1.987,7.089,0.162,14.579,7.179,4
2.044,3.351,0.026,0.72,2.797,1.44,2
1.507,4.445,7.019,0.989,18.22,4.504,4
0.677,5.013,3.159,1.348,8.726,5.621,5
0.108,0.408,0.505,1.894,8.26,4.287,5
3.906,5.133,7.007,2.084,1.012,2.025,5
1.654,2.406,7.728,1.76,0.584,4.59,2
2.656,6.112,0.45,0.804,9.044,0.641,4
0.573,0.109,2.175,0.292,17.495,3.453,4
2.923,5.337,7.369,1.136,12.518,0.679,1
1.789,0.615,1.703,1.889,2.904,5.995,2
3.303,5.05,2.425,2.732,7.55,2.473,5
3.903,2.983,1.135,1.927,11.485,4.162,1
3.904,3.291,4.09,2.483,5.038,6.441,2
3.905,1.87,5.016,2.031,0.343,5.903,4
1.686,4.79,0.882,1.62,17.298,0.165,3
2.42,4.257,0.341,0.166,1.113,2.31,4
0.477,1.646,5.466,1.201,13.537,2.364,5
1.694,2.611,4.111,0.987,11.087,0.46,5
2.337,1.362,2.772,2.364,10.928,4.726,5
1,4.053,9.444,1.207,1.507,4.404,3
0.679,3.545,9.219,2.266,4.387,3.344,1
1.984,1.487,8.487,2.265,15.381,4.657,5
3.636,0.509,5.425,1.443,2.745,6.604,2
1.926,0.158,8.297,2.19,2.28,4.794,2
0.268,6.178,1.699,0.453,4.895,1.319,2
1.066,4.77,4.638,0.171,3.288,3.225,3
2.111,5.757,2.293,2.303,1.918,7.138,2
0.316,5.759,5.342,2.657,9.067,5.664,5
2.89,0.091,9.072,0.406,12.085,5.838,3
2.345,5.644,3.146,1.903,8.041,0.296,3
1.788,4.39,5.159,2.6,6.529,0.787,4
1.952,3.454,2.537,0.642,6.98,7.639,2
2.258,0.577,6.945,1.822,12.858,3.143,4
0.483,1.33,1.583,0.273,18.153,7.313,2
2.219,5.995,5.214,2.192,15.649,2.53,2
1.387,4.017,1.164,0.47,2.62,1.293,4
1.312,2.164,3.505,1.316,12.58,3.586,1
1.52,4.876,5.801,1.925,2.914,0.935,5
2.401,6.293,0.702,1.176,11.287,4.084,3
0.748,4.653,2.6,1.273,11.213,1.668,1
0.549,0.391,4.292,2.313,17.888,7.944,2
3.38,3.34,5.317,2.547,16.587,0.159,4
0.669,1.281,6.928,0.958,18.074,7.733,2
3.108,1.225,4.545,1.202,14.638,0.446,1
1.654,2.815,0.03,1.839,14.187,6.791,2
2.012,0.459,2.692,2.744,7.887,1.37,3
3.552,2.92,7.844,0.833,13.61,2.496,2
3.043,6.263,7.045,1.729,7.669,0.15,3
2.681,0.681,7.662,0.783,15.888,7.644,5
3.876,0.973,8.504,1.51,13.178,3.752,5
1.175,2.133,2.689,0.416,12.918,3.747,3
1.806,2.418,1.906,0.988,4.825,0.361,3
2.621,2.94,8.121,0.811,4.099,5.484,4
2.883,1.35,1.373,2.618,17.914,3.174,2
3.03,3.059,6.597,0.982,8.864,7.613,5
0.303,1.306,2.214,0.699,1.718,0.819,5
2.586,4.331,0.937,0.854,14.762,6.688,5
1.568,5.337,7.383,1.101,12.638,7.362,2
3.333,6.104,6.543,0.359,6.109,6.815,3
3.165,6.619,0.414,0.992,2.729,0.741,4
2.895,2.245,4.269,0.016,11.185,4.774,5
3.94,3.114,3.704,1.968,7.461,6.966,3
1.717,3.999,2.856,2.661,10.485,4.846,3
1.817,4.251,8.968,0.38,11.692,7.662,2
2.3,2.326,4.996,0.195,18.191,5.891,3
1.828,0.041,0.103,1.303,6.312,2.989,3
3.643,5.71,6.946,2.55,14.731,6.821,3
3.49,2.208,4.752,2.484,2.597,7.182,5
1.866,3.337,5.692,2.381,13.213,2.708,4
1.141,6.245,4.984,1.896,0.412,1.128,1
1.154,0.86,9.3,0.053,2.924,6.769,5
1.473,3.537,8.017,1.084,6.017,4.083,1
0.879,4.318,2.426,0.248,14.107,6.926,2
3.183,2.547,5.912,2.069,18.272,1.583,3
2.993,4.343,5.271,0.105,17.192,5.861,2
2.917,6.206,3.172,0.016,6.906,6.95,1
1.372,0.421,1.74,2.281,2.372,7.559,1
3.601,6.774,5.272,2.373,5.546,5.262,1
2.079,1.228,3.921,1.432,4.625,6.57,4
3.707,5.199,2.63,2.081,0.875,0.871,1
2.859,0.32,5.101,1.252,4.471,4.756,1
0.061,5.804,4.614,0.162,15.427,4.93,4
0.054,5.608,9.469,1.157,9.859,5.105,5
1.836,4.121,2.823,0.077,17.704,7.901,4
1.943,6.309,7.699,1.632,15.621,4.005,1
1.203,0.7,2.548,1.935,6.385,5.305,3
3.236,6.081,1.289,1.19,2.975,5.144,5
2.855,3.506,0.927,0.991,14.744,0.724,3
0.091,5.042,6.155,0.193,3.498,1.714,1
1.002,6.26,9.264,1.505,11.36,6.882,3
4.061,5.544,2.033,0.941,12.88,2.867,1
3.986,6.23,5.365,0.714,14.53,1.982,3
3.579,1.127,1.14,0.213,8.825,0.21,4
2.548,5.386,3.426,0.154,9.122,3.073,4
3.298,0.27,3.31,1.001,2.276,0.619,3
0.246,0.872,0.2,0.696,16.057,1.753,4
2.714,0.626,1.07,0.751,4.405,2.635,3
2.119,3.683,3.41,1.144,0.45,6.626,2
3.729,4.1,0.693,2.362,2.922,1.928,2
2.472,3.167,6.657,1.387,11.96,1.855,2
0.633,4.786,9.121,1.715,17.486,6.361,4
2.403,3.912,7.433,2.849,17.646,7.109,3
0.926,2.611,5.248,1.893,9.222,7.854,5
0.053,3.75,4.525,2.347,1.706,3.372,5
1.668,0.559,1.513,0.81,11.438,7.329,5
2.886,2.13,8.355,2.462,14.12,6.92,5
0.658,4.79,4.587,2.38,0.09,0.286,4
0.698,1.79,9.247,1.793,9.083,5.124,5
2.601,2.083,3.218,2.596,11.945,2.488,1
0.076,4.724,4.413,1.687,8.07,5.77,1
0.634,2.227,9.159,1.304,6.357,5.103,2
1.239,5.191,1.293,1.014,7.531,7.271,2
3.718,1.128,9.3,1.25,9.726,2.226,5
2.392,1.978,9.245,2.272,9.811,2.576,5
1.381,4.451,8.983,2.899,13.454,1.652,1
2.112,2.059,8.407,2.686,15.375,0.961,5
0.995,2.489,3.188,2.024,7.098,0.816,5
0.242,0.44,8.16,1.233,8.126,3.915,2
3.178,4.935,1.087,0.06,16.275,4.535,3
2.071,6.766,1.162,1.709,8.725,0.347,5
2.001,3.134,6.043,1.392,15.485,4.326,3
2.894,6.456,0.953,2.423,12.663,0.625,2
0.993,4.556,4.537,1.969,0.156,7.343,1
1.967,6.041,7.784,0.838,12.13,0.833,5
3.938,4.656,9.062,2.622,7.528,5.323,5
3.571,3.101,8.566,1.295,12.093,1.43,4
3.143,5.299,3.118,1.544,13.345,4.652,3
2.931,3.37,8.39,1.639,17.933,4.118,2
1.978,4.435,3.594,1.138,9.203,7.146,2
1.989,2.713,9.4,0.46,14.884,0.805,2
1.162,2.789,6.437,1.969,10.96,6.902,2
1.724,0.113,8.258,2.18,5,2.994,5
2.839,0.193,1.03,1.397,16.201,5.215,3
1.932,0.937,5.128,1.38,15.5,0.775,5
1.269,5.246,7.508,0.286,9.019,2.361,1
1.335,6.211,7.333,1.836,14.728,0.301,5
3.187,3.977,2.562,1.325,8.159,4.08,4
3.689,3.16,4.936,2.202,15.389,2.141,1
3.509,3.193,7.136,1.968,9.62,2.183,4
3.935,6.339,2.62,2.405,13.776,1.329,5
2.431,3.837,8.108,1.759,17.27,0.648,1
1.032,3.681,1.684,0.952,13.986,6.965,5
2.388,4.769,6.218,2.443,16.095,5.994,5
3.983,0.157,6.632,2.575,15.676,6.976,2
3.297,5.338,0.78,0.301,6.913,6.537,4
4.039,1.198,8.866,0.202,11.603,3.02,2
2.551,6.39,3.208,2.334,8.612,2.304,3
3.994,2.175,8.729,0.321,11.696,7.761,1
3.768,0.86,0.414,0.92,5.263,3.521,1
1.175,1.909,6.348,0.062,2.483,4.069,5
1.457,5.24,4.594,0.411,5.093,1.785,3
2.811,2.838,0.277,0.048,17.741,1.48,3
4.028,3.267,4.319,0.115,0.722,4.913,5
3.061,2.276,2.471,1.129,7.245,6.543,1
2.323,2.063,9.188,1.955,12.9,0.266,3
2.707,6.417,1.135,0.03,4.52,4.07,2
1.567,3.072,2.97,1.645,16.888,1.934,2
1.569,2.524,1.576,1.469,6.165,5.888,3
2.796,3.362,8.151,0.559,10.083,0.735,1
2.499,5.181,7.877,1.499,16.906,1.582,4
0.831,0.55,3.563,2.66,7.692,3.051,2
1.387,1.399,0.392,0.057,9.391,1.665,2
1.721,2.768,2.745,2.352,14.838,2.794,3
1.504,1.766,0.528,2.34,6.39,4.962,2
2.264,2.206,7.773,2.885,8.54,0.417,4
1.91,1.136,2.788,0.591,17.073,7.352,2
3.13,6.634,8.606,1.894,4.917,2.062,5
3.468,4.638,0.249,0.016,11.484,3.209,2
0.349,2.257,1.332,2.575,14.288,1.37,1
2.761,3.199,6.058,1.349,3.02,2.736,2
3.724,5.972,0.582,0.008,13.019,5.107,3
0.258,5.489,8.187,0.608,9.006,5.785,5
1.113,0.196,8.973,2.399,15.674,7.492,4
2.207,4.077,7.52,2.558,8.122,1.973,1
2.068,6.474,6.078,0.73,0.939,6.534,5
3.233,3.935,2.406,2.091,5.033,0.153,4
2.07,1.292,7.925,1.361,0.545,6.466,2
0.247,4.617,7.156,0.764,8.87,4.782,5
3.527,4.398,3.014,2.803,2.051,5.336,1
1.17,0.665,7.877,1.497,8.372,5.862,5
3.484,4.468,0.567,0.871,10.825,3.42,4
1.63,6.381,7.292,2.363,7.467,0.534,4
0.481,5.39,2.33,1.82,0.585,2.361,1
0.612,2.723,1.827,2.758,16.952,7.475,2
3.311,1.563,7.321,2.22,12.076,2.839,2
2.628,3.503,2.761,0.288,2.349,3.991,3
1.337,6.796,8.01,0.085,17.198,0.6,2
3.593,2.274,2.154,2.696,13.556,3.593,3
0.368,3.894,7.486,1.747,5.142,6.737,1
0.333,2.94,7.192,1.781,13.853,4.382,2
1.334,2.345,0.456,1.804,14.053,3.758,4
3.562,3.103,0.196,2.345,15.117,4.792,2
1.613,1.128,4.084,0.441,4.956,2.688,3
2.554,4.579,5.286,0.749,3.424,5.802,2
0.856,6.389,2.73,0.217,15.762,3.909,2
2.439,6.284,7.358,0.733,12.291,4.106,1
0.678,6.663,6.413,0.152,12.512,1.915,2
3.688,2.079,2.603,1.514,8.574,1.5,4
3.89,2.583,6.156,2.648,11.818,2.444,1
1.02,5.723,1.401,2.829,1.723,4.074,1
1.377,5.205,7.628,1.77,4.081,4.88,4
1.014,5.911,8.456,0.067,17.442,4.58,4
0.24,2.812,4.009,2.556,17.157,5.661,1
2.441,1.898,4.404,2.429,0.556,1.579,2
2.636,1.965,2.957,1.777,5.862,4.42,4
2.716,6.466,3.69,0.969,10.351,5.471,1
1.882,0.029,4.736,2.644,10.452,5.877,3
2.147,2.727,6.277,2.871,1.057,3.048,5
3.523,5.863,2.329,2.036,3.954,7.196,2
2.135,2.426,0.774,0.866,9.153,6.999,3
0.563,3.031,6.493,0.805,8.336,2.291,2
3.735,0.274,9.51,0.269,7.317,2.914,4
3.128,2.142,7.215,2.086,1.284,3.67,2
0.248,5.854,7.269,2.282,6.81,3.628,4
0.609,1.408,4.343,2.393,12.067,6.568,5
0.568,4.446,5.561,1.008,6.2,1.151,1
1.748,3.291,7.408,2.614,9.047,7.072,4
2.239,2.322,2.937,2.759,16.204,1.927,2
2.514,5.834,7.001,1.279,17.753,4.222,3
0.426,1.424,4.251,2.671,0.043,3.527,4
1.36,1.939,5.738,2.006,3.512,5.152,1
3.589,6.551,0.518,2.606,8.62,5.587,3
0.991,0.502,3.397,2.146,14.883,6.364,4
1.692,3.111,4.733,2.201,6.614,2.867,1
1.257,0.999,9.379,0.792,1.745,5.803,2
1.062,5.149,9.345,1.018,7.724,0.967,1
1.01,5.263,1.346,0.25,8.529,7.596,3
3.806,6.286,4.592,1.092,8.487,7.836,3
0.116,3.979,1.981,2.617,10.19,1.905,3
3.413,5.601,0.625,1.133,15.693,3.969,1
0.267,0.056,4.875,1.991,0.913,2.554,4
3.896,4.729,0.746,2.046,8.843,7.23,5
1.005,1.022,3.118,2.211,14.482,2.81,2
0.215,2.04,6.263,0.997,1.914,3.527,4
0.272,1.559,2.178,2.454,14.999,1.443,1
3.132,4.032,0.953,1.157,6.73,5.259,2
1.888,4.231,8.522,2.455,18.139,7.079,1
2.759,3.852,8.201,0.595,11.114,4.767,5
4.07,6.275,5.069,0.154,1.229,1,1
4.058,3.871,3.371,2.155,4.811,6.905,2
0.066,6.796,8.986,0.58,14.808,6.89,3
0.92,1.058,0.58,2.092,17.731,3.814,5
3.935,2.95,1.118,0.91,17.623,4.948,4
0.841,5.482,7.55,0.857,16.048,2.159,2
2.444,3.157,7.052,0.85,5.305,2.185,3
2.789,5.416,2.305,1.175,7.103,0.355,1
2.565,4.325,6.345,1.41,7.988,5.146,5
0.988,6.305,6.073,0.313,8.919,3.635,5
1.356,1.757,4.715,0.975,13.968,3.801,5
2.42,5.757,1.329,1.842,17.098,5.189,4
3.791,2.231,2.154,1.989,0.92,5.023,4
3.675,0.102,1.764,2.603,12.871,6.928,3
0.545,1.513,2.967,2.512,9.952,7.116,5
1.298,2.868,6.91,0.35,10.679,1.083,2
0.987,2.31,4.916,0.297,13.563,7.089,5
0.562,6.561,4.766,2.756,15.531,6.866,5
3.13,0.911,2.736,2.067,4.92,5.256,3
0.726,1.551,1.183,0.669,4.128,2.731,1
1.094,3.521,8.828,0.305,10.347,3.706,1
4.029,1.075,3.253,0.698,2.708,3.246,4
1.285,1.684,5.172,2.033,17.984,7.902,2
1.851,3.773,7.975,1.604,1.346,5.24,4
0.747,2.158,0.753,2.507,16.249,5.122,5
1.719,5.773,1.525,0.471,12.308,3.363,2
2.167,2.063,5.67,1.178,11.396,0.172,5
2.586,1.992,8.934,0.545,7.747,6.691,3
0.441,5.278,7.32,0.264,1.324,7.951,1
2.548,2.719,8.841,2.326,10.141,1.548,4
2.251,4.627,2.36,1.339,5.762,0.8,5
3.437,0.393,4.8,2.891,8.294,6.936,4
3.947,1.741,5.269,1.022,14.158,1.802,5
1.447,1.617,0.199,1.552,7.224,1.945,1
3.547,6.517,5.973,1.599,16.288,7.793,1
2.103,0.755,3.035,0.13,4.2,1.91,1
3.498,1.22,8.099,0.093,17.58,4.485,5
2.621,4.833,7.604,1.492,12.014,4.227,1
1.907,6.786,9.029,0.991,5.727,3.272,3
1.222,5.591,3.08,1.531,14.355,3.684,1
3.927,0.205,7.981,1.183,4.649,7.55,3
1.06,5.114,0.878,1.314,5.098,5.634,2
1.099,5.167,7.32,0.859,5.971,3.699,1
2.383,2.026,0.29,0.967,1.438,7.641,4
0.733,6.573,8.416,2.43,0.335,1.886,3
3.433,3.735,4.102,1.194,3.773,7.563,5
0.061,5.546,6.985,0.071,10.433,0.319,4
2.138,6.057,7.8,2.066,10.962,7.938,1
3.934,0.096,6.983,1.316,3.814,6.367,2
0.04,2.216,8.671,2.074,13.121,7.17,2
2.586,1.502,5,0.633,9.298,4.374,4
2.746,0.037,9.499,2.168,3.447,7.595,3
3.488,2.347,4.392,2.687,14.876,6.831,3
0.108,5.463,5.746,1.128,16.679,4.241,4
3.058,1.215,6.951,1.818,10.393,2.367,1
2.48,1.848,1.586,0.37,5.977,7.846,2
0.818,3.984,4.562,1.333,10.569,5.724,1
2.933,3.483,5.093,1.385,13.801,7.764,1
3.853,6.225,1.929,0.933,4.844,4.653,3
0.876,3.466,5.769,1.958,6.797,2.914,1
1.392,5.586,4.343,2.492,6.784,7.948,2
3.274,3.747,2.976,2.041,1.231,3.769,3
1.897,4,4.79,0.945,16.562,3.575,5
0.837,3.449,0.997,0.411,4.537,5.555,3
2.806,4.869,0.184,0.165,8.216,3.682,4
3.692,6.414,8.437,2.64,6.938,6.906,4
0.762,2.742,0.936,1.181,10.72,7.224,4
0.778,0.18,8.163,1.319,9.708,4.046,5
2.97,2.461,6.599,2.596,7.457,2.731,5
2.025,1.799,5.066,2.453,15.223,5.03,2
0.292,2.85,5.502,0.193,10.874,0.709,3
2.378,1.866,4.735,0.255,17.332,6.754,5
3.32,6.704,4.834,0.139,4.708,5.955,3
3.765,3.895,7.367,2.294,7.449,0.462,1
1.972,0.665,0.653,1.683,10.28,7.321,4
1.677,2.521,3.33,0.856,10.652,1.389,3
0.729,6.457,0.133,1.922,12.403,0.844,3
0.157,4.62,5.7,0.502,11.134,3.655,2
0.51,3.33,0.984,2.021,17.492,7.014,3
1.313,6.18,0.913,0.961,14.837,6.053,3
2.384,0.401,5.67,1.233,11.321,0.203,3
2.112,6.035,1.969,0.618,6.798,4.104,3
0.055,4.567,5.063,1.836,17.044,2.814,4
0.097,6.239,3.949,0.788,0.331,7.454,5
3.36,0.047,4.752,0.508,0.293,7.023,1
1.05,5.876,8.629,1.081,10.51,4.656,4
3.03,1.203,9.264,2.241,12.959,6.773,3
3.515,2.364,1.174,2.682,1.267,2.682,2
2.632,0.782,7.843,1.68,10.848,4.684,2
3.501,3.795,2.495,1.812,16.904,4.968,4
2.724,3.556,2.863,1.894,5.584,5.495,5
0.97,1.89,2.973,2.857,17.446,4.337,4
1.923,1.479,5.505,1.9,7.796,6.138,4
1.002,1.86,5.267,2.827,13.363,0.909,3
1.612,6.172,1.857,0.217,4.372,1.16,5
0.767,2.448,1.737,2.892,5.004,0.616,2
3.161,3.879,5.83,1.08,18.074,6.772,2
3.959,1.487,8.699,1.374,10.864,4.984,4
2.484,6.206,8.068,0.25,8.596,0.131,1
3.518,6.68,3.014,1.04,3.944,6.715,1
3.659,6.631,5.121,2.653,8.238,2.76,2
1.884,4.769,0.687,2.687,8.495,2.35,5
3.464,5.211,3.495,1.626,6.325,5.112,5
1.259,0.909,2.695,0.677,3.897,4.298,5
2.272,0.073,0.753,1.398,9.195,7.204,4
3.034,3.198,3.717,0.766,11.102,3.686,1
3.351,4.899,0.252,0.502,15.856,1.119,3
0.368,1.466,2.712,1.602,4.474,1.234,2
2.814,4.559,5.066,0.697,12.564,2.427,5
1.067,0.869,6.612,1.281,3.402,1.168,3
3.16,0.245,2.466,0.015,6.558,1.027,1
2.104,5.375,7.567,0.557,9.973,5.197,3
3.066,5.907,2.74,2.84,7.113,2.548,2
1.024,4.063,7.371,1.848,0.865,0.579,1
2.772,3.927,2.483,2.77,3.656,6.529,1
1.267,6.454,9.019,2.098,5.769,7.148,3
2.571,0.297,7.135,0.591,14.325,0.975,5
1.657,2.986,4.643,2.403,8.533,5.764,5
3.581,4.454,0.687,2.723,6.999,4.916,2
2.021,5.767,4.414,2.525,14.328,2.028,4
0.294,6.711,4.323,1.826,7.669,4.641,2
3.984,3.515,1.98,1.902,17.381,1.336,4
2.928,3.529,1.152,2.089,2.707,4.671,1
1.455,5.303,3.887,1.481,4.788,6.501,3
1.695,4.464,6.21,1.514,10.237,5.825,2
2.47,6.548,4.307,1.313,2.7,7.33,4
0.399,2.058,4.53,1.756,11.34,6.03,2
3.28,3.537,7.935,0.685,7.681,4.169,1
0.643,3.342,4.646,1.084,12.546,3.145,1
0.612,6.579,8.141,2.616,4.72,6.586,3
1.26,4.811,9.385,0.805,7.15,7.799,5
2.653,5.705,5.131,0.7,8.134,2.895,4
0.796,0.426,9.225,1.542,10.282,5.879,3
0.381,3.595,6.872,1.89,14.922,7.489,4
0.371,6.81,6.618,1.131,6.106,5.354,3
2.201,2.066,2.692,1.669,9.049,3.243,4
2.063,6.274,4.586,0.172,6.034,0.725,4
3.568,1.131,9.581,2.341,7.774,4.12,5
0.774,5.248,4.66,0.962,9.558,7.826,4
2.259,2.06,6.239,1.219,8.598,7.461,4
4.085,1.823,7.544,2.124,15.642,7.805,1
3.726,6.735,0.599,1.483,6.945,5.639,1
4.033,6.09,6.162,1.86,16.321,3.353,1
2.408,0.864,0.364,1.485,8.944,1.2,3
1.221,1.223,6.981,1.791,10.837,3.873,4
3.194,1.166,5.115,2.615,6.658,6.126,2
2.232,4.027,8.336,0.676,10.501,0.18,3
4.082,4.843,0.747,1.8,6.457,0.164,3
3.449,4.028,2.278,1.278,8.351,1.964,2
1.033,5.412,7.57,1.005,4.784,1.585,4
1.16,6.454,6.4,2.328,14.792,5.54,4
3.595,3.35,1.099,1.527,5.378,6.18,5
1.468,0.803,6.154,1.443,8.579,0.588,1
1.313,2.919,4.886,2.074,2.83,2.21,4
1.08,3.076,5.947,0.592,4.535,0.044,4
1.278,1.272,0.857,0.038,15.294,2.727,4
1.001,4.856,6.505,1.212,16.447,6.874,1
3.412,3.027,2.559,1.803,7.31,2.902,1
1.654,3.916,8.55,1.717,4.272,6.056,1
0.011,3.434,0.146,2.515,7.878,6.489,1
1.339,2.129,8.431,2.863,1.315,5.915,3
3.865,2.131,8.582,1.389,12.545,4.55,2
3.498,6.732,5.409,0.345,9.712,3.296,5
4.023,5.932,5.238,2.567,15.378,5.763,2
3.463,2.14,3.874,1.733,13.504,0.133,1
3.821,2.124,9.607,1.324,17.1,6.094,4
3.292,4.99,0.923,1.825,14.397,6.054,1
0.154,3.033,2.533,1.115,8.639,2.245,2
3.143,0.535,3.254,1.958,7.816,3.206,1
0.998,0.468,4.691,1.42,1.105,6.012,4
0.113,0.056,1.953,2.803,14.679,7.03,1
0.082,5.041,6.926,1.627,17.232,6.84,2
0.234,0.856,4.027,2.372,13.135,2.74,3
1.642,1.581,5.46,2.775,6.049,4.959,5
3.724,1.286,4.79,1.405,9.486,2.073,3
1.828,2.814,9.036,1.811,2.766,7.705,3
3.531,3.73,0.836,2.853,11.62,7.231,1
0.532,1.683,7.678,1.166,13.174,3.239,1
1.016,4.576,5.372,2.898,17.576,1.728,1
3.3,4.033,8.16,2.141,2.628,7.06,4
2.615,4.573,8.915,2.905,10.134,3.047,2
0.362,6.287,2.898,1.782,3.215,5.946,5
2.146,4.069,3.474,2.2,3.544,1.432,3
0.973,4.909,2.218,2.228,17.671,2.038,4
2,6.759,5.066,2.306,16.688,1.754,5
0.588,3.059,3.847,1.344,13.315,0.593,1
2.568,5.2,8.151,1.69,0.709,4.179,4
2.558,6.019,9.505,0.965,17.676,2.421,2
0.742,2.974,5.328,1.173,1.655,2.309,5
0.857,5.761,4.815,0.116,3.247,3.371,3
3.547,1.011,2.851,0.672,6.67,7.681,1
2.896,6.795,5.026,0.772,5.463,5.912,2
0.519,6.136,7.751,1.715,16.759,7.253,2
0.437,6.765,7.662,1.416,14.688,5.656,3
1.981,5.397,5.073,1.865,11.816,2.701,3
2.689,3.864,9.298,2.7,15.826,4.83,1
1.87,3.975,5.316,2.78,13.957,7.342,2
2.956,2.469,1.14,0.859,15.847,0.919,3
2.127,6.484,0.485,0.619,16.522,7.933,3
3.284,2.835,0.868,2.155,17.466,2.213,2
0.255,0.578,7.744,0.451,16.279,6.864,3
0.238,3.035,4.678,0.136,15.072,1.975,3
1.339,3.348,5.046,0.254,8.746,5.907,3
0.668,5.541,8.619,0.134,15.39,3.144,4
2.21,4.388,4.95,0.747,12.801,1.878,3
0.786,2.013,6.683,2.207,17.568,7.606,3
1.736,5.742,1.202,2.371,17.824,3.204,3
1.095,3.548,2.927,0.469,4.851,0.724,1
0.376,1.146,4.48,1.561,6.414,7.106,3
0.272,1.273,4.437,2.826,15.481,3.494,4
2.883,5.102,4.46,0.424,14.425,0.389,3
2.84,0.384,0.005,0.642,15.09,4.927,2
0.309,3.034,8.604,1.519,3.572,5.35,5
3.34,3.186,6.826,0.947,0.619,7.672,4
0.277,1.021,7.22,2.051,5.847,7.801,5
3.521,5.904,4.946,1.284,14.378,1.917,1
2.081,4.824,7.001,2.382,2.864,1.738,5
3.89,5.77,8.162,0.271,2.289,1.584,4
1.676,3.83,5.897,0.706,13.144,1.039,3
0.714,0.538,9.174,2.219,1.749,7.661,3
0.738,2.756,2.992,0.16,12.443,5.871,5
2.512,6.517,3.339,0.864,4.246,0.382,1
2.396,4.041,3.555,1.354,5.95,1.017,3
3.055,3.411,8.759,1.05,5.285,5.781,3
4.03,4.953,6.15,1.23,9.16,7.065,3
1.988,3.439,9.402,2.838,15.258,4.807,5
2.54,1.373,7.731,1.594,4.619,0.128,2
1.978,6.572,5.103,0.261,10.318,7.177,5
1.65,0.576,4.237,1.636,8.708,7.503,5
0.241,5.212,1.793,2.86,0.679,0.65,5
1.161,1.672,4.367,0.091,1.949,1.496,4
2.276,1.709,3.707,2.06,9.511,6.953,4
2.899,5.341,6.576,1.587,7.314,5.688,5
3.175,4.661,3.358,2.107,7.896,3.124,1
2.108,1.203,5.37,2.034,0.722,5.309,5
2.198,0.792,6.445,0.939,12.214,6.539,2
0.868,0.486,4.249,0.047,14.331,6.672,5
0.791,2.934,5.926,2.517,0.066,2.53,5
2.53,0.124,2.95,1.008,14.146,0.561,3
3.683,5.847,1.715,1.782,7.755,6.696,5
1.379,4.022,7.709,0.915,5.226,7.324,1
3.196,4.006,3.392,0.694,14.263,2.981,3
1.312,1.087,2.517,1.839,8.187,4.677,4
0.915,3.774,5.905,1.525,16.771,6.948,1
3.042,5.664,5.531,0.226,8.51,2.539,5
1.828,4.037,3.637,1.502,15.468,1.063,2
1.261,4.962,8.11,1.879,11.396,5.843,2
0.388,2.077,4.355,0.467,15.852,2.77,3
3.818,2.129,6.74,1.876,3.861,6.015,1
3.588,6.088,6.754,0.855,17.629,4.95,2
0.005,4.935,5.218,1.489,17.74,1.817,2
3.861,4.64,1.948,1.328,9.931,5.29,2
0.11,3.543,6.049,1.396,10.83,6.979,1
0.06,4.523,0.086,1.939,7.577,4.387,4
1.745,2.732,9.151,0.554,5.149,2.564,1
0.844,1.032,4.757,0.013,10.354,5.523,3
0.196,6.673,8.246,0.866,3.71,0.461,1
3.318,6.309,5.164,1.883,9.989,3.33,4
1.069,3.232,8.09,0.925,7.509,7.532,2
2.433,1.096,9.008,1.738,14.804,7.338,4
2.854,3.801,7.949,0.149,5.65,6.763,3
0.616,0.814,1.862,2.496,16.159,4.948,1
1.24,0.771,6.293,1.985,3.064,5.689,3
0.309,1.235,7.924,2.575,11.791,0.487,4
0.614,5.614,0.231,0.599,9.166,3.769,3
3.586,6.499,4.516,1.729,7.818,4.878,2
0.011,0.888,7.853,1.574,6.818,4.279,1
0.869,0.638,1.814,1.535,4.433,5.107,4
2.483,4.749,6.341,0.922,13.684,2.682,4
0.28,5.731,7.262,2.293,6.255,0.265,2
1.509,6.046,9.113,2.339,0.75,0.334,5
1.085,6.613,9.41,2.168,6.375,2.136,4
0.419,5.129,9.018,0.288,6.81,2.122,2
4.052,1.221,2.556,0.598,3.449,0.789,5
1.253,0.997,4.214,0.405,13.108,3.424,1
3.911,3.967,2.006,2.483,6.332,6.07,3
3.926,6.722,1.529,0.009,5.537,7.771,2
2.466,0.543,5.833,0.396,2.242,0.927,5
2.973,3.919,2.531,2.795,8.292,4.406,4
2.281,3.531,5.078,0.111,1.739,4.118,3
1.825,2.647,1.801,0.894,4.886,7.501,5
0.211,1.709,1.396,0.607,5.057,3.156,4
1.568,3.317,2.018,0.28,14.752,4.3,2
1.904,4.137,8.597,0.614,13.543,6.55,5
1.701,3.309,2.794,0.84,17.479,7.959,4
1.278,5.792,6.458,1.879,3.652,6.402,4
2.094,0.82,5.577,0.298,0.964,2.07,2
0.906,6.56,0.838,1.476,2.054,7.549,2
2.834,6.756,8.911,0.49,14.584,5.051,1
1.433,2.274,5.172,1.544,5.941,3.658,4
1.057,1.607,6.317,2.39,10.847,0.033,2
1.148,3.686,7.494,2.767,11.792,0.333,5
1.49,6.476,2.296,0.035,16.004,5.457,2
3.706,2.158,7.582,0.054,6.964,0.8,4
0.666,6.795,1.293,2.601,0.764,6.617,3
2.993,5.541,1.997,0.837,14.217,2.458,5
3.752,5.162,6.603,1.881,10.981,2.452,2
2.609,4.47,2.381,0.597,1.195,5.276,3
1.685,5.305,8.723,2.252,2.185,3.165,1
1.777,1.066,8.919,1.152,12.974,4.578,4
0.462,0.067,4.289,0.346,0.588,3.548,5
1.934,5.775,9.516,0.137,1.12,0.51,5
3.225,0.796,8.709,0.424,16.544,4.583,1
1.492,5.966,1.1,2.535,8.211,0.014,5
3.964,2.866,0.583,0.834,14.186,0.866,2
1.068,4.847,8.996,1.181,13.604,3.627,1
2.161,4.299,0.331,0.293,9.411,6.443,2
3.051,6.701,1.754,2.897,13.508,1.839,4
1.563,1.651,1.53,2.742,17.414,3.299,1
1.349,1.594,3.183,0.693,15.934,6.156,3
3.156,2.135,4.959,0.87,0.902,5.858,3
3.697,4.9,8.155,2.381,3.812,3.861,4
3.687,1.137,3.146,1.388,5.924,0.372,3
0.855,3.16,4.396,0.872,13.91,5.739,2
0.836,4.717,4.649,0.213,1.328,1.892,1
3.793,4.981,2.857,2.028,1.376,5.739,2
1.378,6.442,5.64,1.99,16.24,2.034,1
3.195,2.604,9.351,0.749,1.701,5.547,2
3.392,4.254,2.772,0.276,3.802,3.96,5
3.222,6.227,7.907,2.381,18.133,2.456,1
1.557,5.84,3.608,1.562,1.907,3.006,1
0.398,3.406,1.755,0.75,13.886,2.329,2
0.779,0.658,4.692,2.819,14.65,7.438,4
3.601,0.076,2.542,0.924,13.342,3.272,4
0.283,6.741,9.403,2.177,16.409,3.067,3
3.082,0.826,0.696,2.565,8.523,1.399,3
3.641,6.643,9.6,2.178,4.529,2.386,4
2.978,3.364,2.516,2.665,16.354,5.689,3
2.363,2.398,1.803,0.606,12.516,4.02,1
3.685,6.365,1.396,0.244,10.627,6.664,2
1.538,2.366,0.267,2.147,10.021,6.071,3
1.645,2.344,1.213,2.819,10.588,7.062,1
2.595,2.429,3.492,2.798,2.802,6.146,3
1.207,5.943,4.863,2.891,6.315,4.102,4
1.646,4.541,5.184,2.837,10.258,7.374,1
0.145,6.283,1.621,2.462,17.465,4.019,1
0.082,5.027,1.256,2.805,17.244,6.613,3
0.826,0.766,4.816,1.317,3.223,1.048,5
0.838,4.008,5.785,2.045,9.508,6.041,3
1.191,2.363,1.488,2.687,1.626,1.21,3
2.744,1.935,4.291,2.695,11.82,6.615,1
2.681,4.047,2.532,2.702,9.813,4.126,1
2.665,6.449,3.268,0.593,3.689,4.689,1
3.043,4.107,9.613,2.632,18.093,5.717,2
2.772,2.186,8.246,0.224,17.706,1.299,4
3.663,2.813,7.854,0.552,0.918,4.857,5
0.695,1.624,3.9,0.711,0.121,6.587,1
3.616,1.551,5.49,2.496,18.267,0.947,5
1.941,2.65,5.119,0.452,12.235,1.4,5
0.815,2.381,1.401,0.84,11.207,1.068,4
2.328,6.421,4.628,1.478,7.578,2.908,1
1.229,3.033,6.406,2.783,3.652,3.944,1
2.743,0.356,7.643,1.066,7.764,3.958,4
1.929,4.999,0.303,1.117,10.78,5.108,1
3.695,1.511,4.402,1.847,18.019,1.955,3
2.519,1.182,7.478,2.059,0.012,7.151,1
3.046,6.791,1.929,2.548,15.58,3.499,4
2.692,1.736,0.706,1.168,13.864,2.084,1
3.829,4.805,8.486,0.778,9.428,6.445,4
1.097,4.068,8.155,0.15,12.306,7.725,5
2.742,3.908,6.958,1.11,0.761,1.98,2
0.608,0.076,1.254,2.004,7.606,3.203,5
1.378,4.804,5.83,0.457,13.623,7.94,4
3.182,1.678,6.036,2.335,4.721,4.251,2
0.251,2.093,4.841,0.653,1.203,2.387,2
2.514,3.215,5.834,2.91,8.465,2.267,4
1.199,1.126,1.818,0.387,3.355,7.605,2
1.667,4.24,5.512,2.131,2.085,7.689,2
3.111,6.058,9.589,2.882,5.445,2.321,4
0.061,3.176,7.14,2.906,9.475,2.115,4
1.715,2.071,7.44,2.252,12.486,0.794,4
0.812,4.806,1.15,0.861,9.7,2.845,4
1.127,2.643,9.199,2.901,4.954,0.375,1
1.244,4.465,7.377,2.372,0.301,3.815,2
2.159,4.445,1.393,2.784,14.422,4.029,5
1.867,6.812,5.139,2.155,7.563,2.127,5
3.777,3.861,2.51,1.791,4.715,5.256,1
1.798,1.914,0.69,0.03,17.681,3.711,1
0.327,0.299,2.764,1.422,10.597,4.009,1
3.703,3.188,8.626,2.282,0.152,0.907,5
0.151,5.575,3.668,0.249,14.048,7.125,4
0.917,2.059,5.768,2.102,6.154,7.149,4
0.346,0.65,0.199,0.402,0.319,5.746,4
1.204,5.254,7.565,2.218,15.366,7.785,4
3.507,2.262,1.941,0.357,14.766,0.824,2
0.9,6.759,1.599,1.529,2.289,6.275,5
3.955,1.021,8.461,1.67,5.648,0.061,5
3.754,2.823,9.552,2.738,14.935,4.489,1
0.622,0.449,4.782,1.658,0.943,0.071,5
0.944,0.676,7.174,1.332,12.644,3.873,1
2.732,5.657,5.322,2.653,6.66,4.272,2
3.345,1.247,4.909,2.144,4.705,6.374,1
3.693,1.067,0.124,1.614,4.01,2.274,2
3.767,5.369,3.438,1.91,3.554,3.776,5
1.873,5.898,3.874,0.921,2.799,6.588,2
1.709,4.59,5.017,1.872,3.537,2.482,3
3.336,3.791,1.44,1.584,2.462,4.354,3
1.441,2.968,0.34,2.551,3.919,5.695,3
0.209,4.045,2.658,1.322,9.29,4.408,1
0.124,0.628,2.905,0.268,13.728,1.747,1
2.57,5.464,7.33,0.497,5.816,5.924,1
0.191,5.521,3.581,1.926,18,1.026,5
1.552,6.117,6.583,2.884,5.036,6.807,5
3.975,1.69,0.188,1.123,1.148,5.526,3
3.031,1.293,5.015,1.372,6.805,5.012,5
3.27,3.645,5.92,2.876,10.464,7.308,1
0.037,1.787,8.345,0.81,2.796,3.119,4
3.011,5.007,2.326,0.93,8.522,1.388,2
3.846,0.951,6.288,0.404,5.087,1.957,3
1.658,0.275,0.013,2.078,3.474,3.086,5
0.783,4.914,5.1,0.853,5.682,4.218,2
3.746,5.938,5.875,0.091,11.322,2.03,3
3.328,3.175,2.116,1.057,11.98,5.252,4
0.738,0.385,2.545,2.715,5.844,0.96,5
2.447,5.488,7.152,1.149,17.421,6.738,4
0.679,2.135,5.436,2.612,5.348,4.995,1
0.971,0.855,7.409,2.291,0.715,1.743,1
0.065,5.112,2.236,0.65,11.367,7.063,2
2.508,5.195,7.496,2.368,16.967,7.921,2
1.918,5.992,6.165,1.271,8.887,1.412,3
4.036,4.392,0.259,2.901,6.413,0.051,2
3.626,0.861,8.768,1.608,17.934,5.391,3
0.474,1.819,3.291,2.561,11.087,0.209,5
2.514,6.788,1.215,0.541,14.318,3.65,5
1.057,5.616,0.26,2.557,13.812,1.242,4
1.341,3.007,1.604,1.315,9.503,7.985,3
0.674,5.672,3.37,2.472,16.87,4.876,1
3.151,5.067,8.395,2.187,11.206,0.983,3
2.306,3.865,8.696,1.896,1.802,0.401,4
1.546,5.16,8.096,2.889,10.866,3.051,5
0.655,6.236,5.933,2.189,14.523,2.689,2
3.445,1.402,3.142,0.081,14.08,7.265,1
2.251,4.837,9.17,1.19,8.57,7.172,2
1.367,6.065,6.355,2.248,5.75,5.728,2
2.032,6.349,8.188,0.307,0.627,6.448,3
1.301,1.506,5.151,0.219,9.055,7.073,2
3.47,0.832,6.754,1.124,4.564,4.711,1
2.928,6.321,5.709,0.05,1.552,5.032,5
3.36,4.312,4.008,2.646,5.159,2.498,4
3.809,1.763,2.763,0.772,10.339,6.664,4
4.011,0.332,7.174,1.407,15.807,1.639,1
0.4,3.599,4.852,1.115,2.896,7.875,3
3.918,4.306,8.758,0.376,0.421,0.47,1
1.223,0.328,0.525,2.39,14.319,7.388,2
0.047,0.222,3.341,2.292,4.565,2.72,2
3.403,0.235,8.348,0.433,11.652,3.266,4
2.221,4.322,4.512,1.507,8.503,1.016,2
3.909,5.673,2.506,1.096,0.277,7.76,4
3.655,5.849,1.795,0.41,17.254,3.245,4
1.501,3.621,0.925,2.066,4.551,5.158,4
3.342,3.887,1.924,2.854,3.532,1.451,5
2.527,5.352,3.984,2.506,5.573,6.651,5
3.957,4.75,5.658,0.276,8.033,5.174,4
2.194,1.477,4.311,1.336,9.478,7.571,2
2.646,0.785,8.236,0.691,13.681,2.067,1
2.412,3.271,8.524,2.651,6.515,6.729,4
4.043,2.28,3.987,2.072,17.835,3.005,5
0.796,5.955,5.099,0.914,14.987,5.751,2
2.433,3.174,0.961,0.419,4.096,2.07,1
3.059,6.188,0.094,0.304,14.26,1.268,2
0.816,2.314,6.777,2.014,5.913,1.222,3
2.173,2.15,8.918,0.575,18.039,7.004,1
1.794,2.185,3.414,0.163,14.715,7.945,4
1.778,5.616,6.446,2.214,11.338,1.447,4
0.824,0.42,1.015,2.551,16.413,0.787,3
0.155,1.151,0.878,0.278,5.14,7.642,3
1.571,1.896,1.681,0.3,7.54,3.813,1
3.149,3.702,5.669,1.426,4.001,7.172,2
3.443,5.278,4.091,0.131,17.585,7.245,1
0.995,3.964,4.378,2.482,2.008,1.674,5
3.989,6.385,8.16,0.912,17.576,5.703,3
3.826,6.605,6.854,0.755,1.162,1.077,4
3.173,3.975,5.839,1.949,7.34,0.76,3
0.042,5.873,1.258,2.405,11.886,1.399,1
3.175,1.075,3.198,1.548,10.642,4.519,4
3.308,2.334,1.191,2.502,11.001,5.546,1
3.439,3.242,4.57,1.88,11.998,3.041,5
0.591,5.36,9.537,2.555,2.483,4.205,5
3.389,3.301,2.196,0.494,11.078,6.386,3
3.872,1.67,5.582,0.971,14.436,6.626,4
3.264,1.519,4.049,1.814,6.769,5.175,3
2.006,1.834,2.061,2.058,17.519,4.567,2
0.753,5.117,3.284,1.46,10.269,5.13,2
1.588,3.875,4.743,1.64,13.068,4.744,1
4,5.588,4.057,1.718,9.249,5.72,5
1.129,6.574,1.647,0.849,15.391,4.054,4
1.842,5.992,1.678,1.786,15.037,7.917,5
1.212,0.24,0.266,0.345,0.481,4.202,4
2.167,5.914,3.925,1.967,5.175,7.929,4
1.534,5.224,9.604,0.334,6.457,5.459,5
4.084,2.748,1.726,1.301,9.75,5.53,5
0.299,6.353,3.486,2.883,1.216,1.616,3
0.822,3.48,7.853,0.295,1.739,7.205,4
3.789,5.077,6.039,2.405,14.061,2.212,4
3.951,1.006,3.453,1.185,6.786,5.047,4
0.13,4.483,3.754,0.004,7.033,3.219,5
